LatMin,LonMin,LatMax,LonMax,Class
37.23547,37.23547,37.23493,126.88773,INFRA_RGB000102
37.147156,37.147156,37.146275,126.064705,INFRA_RGB000102
37.15254,37.15254,37.15167,126.10104,INFRA_RGB000102
37.151356,37.151356,37.1507,126.09586,INFRA_RGB000102
37.151356,37.151356,37.1507,126.09297,INFRA_RGB000102
37.14757,37.14757,37.14658,126.06687,INFRA_RGB000102
37.147,37.147,37.145714,126.06969,INFRA_RGB000102
37.147236,37.147236,37.146553,126.236145,INFRA_RGB000102
37.14735,37.14735,37.146797,126.338036,INFRA_RGB000102
37.147236,37.147236,37.146194,126.42225,INFRA_RGB000102
37.177094,37.177094,37.175987,126.37281,INFRA_RGB000102
37.17705,37.17705,37.176025,126.3735,INFRA_RGB000102
37.159885,37.159885,37.158695,126.38585,INFRA_RGB000102
37.1474,37.1474,37.14603,126.42386,INFRA_RGB000102
37.147243,37.147243,37.146187,126.42233,INFRA_RGB000102
37.235455,37.235455,37.234943,126.88774,INFRA_RGB000102
37.167538,37.167538,37.166855,126.94819,INFRA_RGB000102
37.07767,37.07767,37.07634,125.65718,INFRA_RGB000102
37.077694,37.077694,37.076317,125.65723,INFRA_RGB000102
37.093475,37.093475,37.092155,125.77404,INFRA_RGB000102
37.084797,37.084797,37.083588,125.76148,INFRA_RGB000102
37.078705,37.078705,37.07746,125.81537,INFRA_RGB000102
37.092575,37.092575,37.09126,125.78566,INFRA_RGB000102
37.102375,37.102375,37.101223,125.78054,INFRA_RGB000102
37.078712,37.078712,37.077454,125.81537,INFRA_RGB000102
37.090782,37.090782,37.08982,125.86062,INFRA_RGB000102
37.093224,37.093224,37.09205,125.85378,INFRA_RGB000102
37.092323,37.092323,37.091156,125.785614,INFRA_RGB000102
37.08021,37.08021,37.07883,125.824036,INFRA_RGB000102
37.116623,37.116623,37.11536,125.89416,INFRA_RGB000102
37.11215,37.11215,37.111214,125.90261,INFRA_RGB000102
37.10802,37.10802,37.106716,125.94442,INFRA_RGB000102
37.10629,37.10629,37.105576,125.927734,INFRA_RGB000102
37.08113,37.08113,37.07935,125.972626,INFRA_RGB000102
37.11652,37.11652,37.115467,125.89444,INFRA_RGB000102
37.105354,37.105354,37.103992,125.95168,INFRA_RGB000102
37.107506,37.107506,37.105797,125.89852,INFRA_RGB000102
37.107986,37.107986,37.10675,125.94444,INFRA_RGB000102
37.081207,37.081207,37.079273,125.97265,INFRA_RGB000102
37.10534,37.10534,37.104008,125.95168,INFRA_RGB000102
37.07124,37.07124,37.070553,126.12102,INFRA_RGB000102
37.06745,37.06745,37.0668,126.206566,INFRA_RGB000102
37.081013,37.081013,37.079826,126.25769,INFRA_RGB000102
37.0865,37.0865,37.084763,126.31789,INFRA_RGB000102
37.105843,37.105843,37.105305,126.37683,INFRA_RGB000102
37.109653,37.109653,37.10904,126.38111,INFRA_RGB000102
37.1073,37.1073,37.10672,126.3804,INFRA_RGB000102
37.10438,37.10438,37.10353,126.38768,INFRA_RGB000102
37.11069,37.11069,37.110153,126.38758,INFRA_RGB000102
37.10251,37.10251,37.101807,126.39047,INFRA_RGB000102
37.106777,37.106777,37.106163,126.39408,INFRA_RGB000102
37.106457,37.106457,37.105766,126.39122,INFRA_RGB000102
37.10209,37.10209,37.10151,126.39046,INFRA_RGB000102
37.104477,37.104477,37.10379,126.388405,INFRA_RGB000102
37.10322,37.10322,37.102535,126.38694,INFRA_RGB000102
37.106243,37.106243,37.10526,126.385,INFRA_RGB000102
37.138973,37.138973,37.138287,126.43434,INFRA_RGB000102
37.13949,37.13949,37.138847,126.43293,INFRA_RGB000102
37.141884,37.141884,37.14113,126.41586,INFRA_RGB000102
37.138577,37.138577,37.137962,126.434326,INFRA_RGB000102
37.14094,37.14094,37.140274,126.41789,INFRA_RGB000102
37.141857,37.141857,37.14115,126.41654,INFRA_RGB000102
37.14624,37.14624,37.145393,126.42291,INFRA_RGB000102
37.13991,37.13991,37.139145,126.42167,INFRA_RGB000102
37.133224,37.133224,37.132538,126.43439,INFRA_RGB000102
37.12277,37.12277,37.12215,126.44155,INFRA_RGB000102
37.147106,37.147106,37.146324,126.42224,INFRA_RGB000102
37.147324,37.147324,37.146107,126.42379,INFRA_RGB000102
37.16754,37.16754,37.166855,126.948204,INFRA_RGB000102
37.014965,37.014965,37.014,125.33621,INFRA_RGB000102
37.002052,37.002052,37.001045,125.34181,INFRA_RGB000102
37.019894,37.019894,37.01913,125.25441,INFRA_RGB000102
37.03468,37.03468,37.03381,125.32588,INFRA_RGB000102
37.007698,37.007698,37.006897,125.2521,INFRA_RGB000102
37.019493,37.019493,37.018097,125.32719,INFRA_RGB000102
36.98896,36.98896,36.987545,125.32813,INFRA_RGB000102
37.007336,37.007336,37.005817,125.3368,INFRA_RGB000102
37.01492,37.01492,37.014046,125.33629,INFRA_RGB000102
36.999207,36.999207,36.99814,125.308395,INFRA_RGB000102
37.009567,37.009567,37.008617,125.34549,INFRA_RGB000102
37.002075,37.002075,37.00102,125.34183,INFRA_RGB000102
37.01946,37.01946,37.01813,125.32716,INFRA_RGB000102
37.038982,37.038982,37.038136,125.39223,INFRA_RGB000102
37.03464,37.03464,37.03385,125.32588,INFRA_RGB000102
36.988953,36.988953,36.987553,125.32813,INFRA_RGB000102
37.007256,37.007256,37.005898,125.33678,INFRA_RGB000102
37.023586,37.023586,37.02119,125.58232,INFRA_RGB000102
37.023354,37.023354,37.02142,125.62549,INFRA_RGB000102
37.077694,37.077694,37.076317,125.65714,INFRA_RGB000102
37.01583,37.01583,37.014572,125.71086,INFRA_RGB000102
37.0586,37.0586,37.057682,125.67304,INFRA_RGB000102
37.070248,37.070248,37.06939,125.66043,INFRA_RGB000102
37.02792,37.02792,37.026917,125.72656,INFRA_RGB000102
37.023125,37.023125,37.02165,125.62532,INFRA_RGB000102
37.003677,37.003677,37.002293,125.708305,INFRA_RGB000102
37.077538,37.077538,37.076473,125.657036,INFRA_RGB000102
37.084675,37.084675,37.08371,125.76141,INFRA_RGB000102
37.027905,37.027905,37.02693,125.72654,INFRA_RGB000102
37.003555,37.003555,37.002415,125.70786,INFRA_RGB000102
37.005733,37.005733,37.004547,125.81033,INFRA_RGB000102
37.030155,37.030155,37.028996,125.75288,INFRA_RGB000102
37.078773,37.078773,37.077755,125.815315,INFRA_RGB000102
37.102158,37.102158,37.10144,125.78056,INFRA_RGB000102
37.09072,37.09072,37.08988,125.86056,INFRA_RGB000102
37.00608,37.00608,37.004917,125.810326,INFRA_RGB000102
37.078594,37.078594,37.07757,125.81533,INFRA_RGB000102
37.09221,37.09221,37.091267,125.78554,INFRA_RGB000102
37.03363,37.03363,37.032703,125.81962,INFRA_RGB000102
37.020706,37.020706,37.019756,125.82252,INFRA_RGB000102
37.080097,37.080097,37.078945,125.82398,INFRA_RGB000102
37.060257,37.060257,37.05854,125.9677,INFRA_RGB000102
37.057034,37.057034,37.056015,125.93067,INFRA_RGB000102
37.081165,37.081165,37.07931,125.972626,INFRA_RGB000102
37.0525,37.0525,37.051205,125.92362,INFRA_RGB000102
37.068302,37.068302,37.06451,125.944,INFRA_RGB000102
37.081215,37.081215,37.079266,125.97264,INFRA_RGB000102
37.102104,37.102104,37.101494,126.07302,INFRA_RGB000102
37.06649,37.06649,37.065964,126.21012,INFRA_RGB000102
37.094364,37.094364,37.093784,126.12887,INFRA_RGB000102
37.066673,37.066673,37.066135,126.20941,INFRA_RGB000102
37.100826,37.100826,37.100254,126.137474,INFRA_RGB000102
37.094376,37.094376,37.093773,126.12816,INFRA_RGB000102
37.09223,37.09223,37.091606,126.12887,INFRA_RGB000102
37.09738,37.09738,37.096874,126.11879,INFRA_RGB000102
37.099888,37.099888,37.0994,126.12955,INFRA_RGB000102
37.06744,37.06744,37.066807,126.20582,INFRA_RGB000102
37.063988,37.063988,37.06343,126.120255,INFRA_RGB000102
37.064167,37.064167,37.063614,126.12098,INFRA_RGB000102
37.067444,37.067444,37.066807,126.20653,INFRA_RGB000102
37.071205,37.071205,37.070587,126.12099,INFRA_RGB000102
37.000687,37.000687,36.999535,126.27397,INFRA_RGB000102
37.022163,37.022163,37.021175,126.356964,INFRA_RGB000102
37.081055,37.081055,37.079784,126.257675,INFRA_RGB000102
37.08667,37.08667,37.08495,126.31794,INFRA_RGB000102
37.00067,37.00067,36.99955,126.27403,INFRA_RGB000102
37.02216,37.02216,37.02118,126.35696,INFRA_RGB000102
37.102066,37.102066,37.101532,126.39051,INFRA_RGB000102
37.067867,37.067867,37.064945,127.84485,INFRA_RGB000102
37.067944,37.067944,37.06487,127.84485,INFRA_RGB000102
37.021492,37.021492,37.020412,125.33131,INFRA_RGB000102
37.008404,37.008404,37.00763,125.34004,INFRA_RGB000102
37.002052,37.002052,37.00104,125.34175,INFRA_RGB000102
37.020283,37.020283,37.019463,125.25441,INFRA_RGB000102
36.956432,36.956432,36.95539,125.28532,INFRA_RGB000102
37.00804,37.00804,37.00727,125.25208,INFRA_RGB000102
37.014965,37.014965,37.014,125.336205,INFRA_RGB000102
36.9889,36.9889,36.987606,125.32821,INFRA_RGB000102
37.01945,37.01945,37.01814,125.327065,INFRA_RGB000102
37.00728,37.00728,37.00588,125.33689,INFRA_RGB000102
36.92513,36.92513,36.92417,125.40969,INFRA_RGB000102
37.005886,37.005886,37.00511,125.33377,INFRA_RGB000102
37.008423,37.008423,37.007607,125.34014,INFRA_RGB000102
37.00625,37.00625,37.00547,125.34681,INFRA_RGB000102
37.010265,37.010265,37.009357,125.347466,INFRA_RGB000102
37.009876,37.009876,37.00903,125.347565,INFRA_RGB000102
36.93754,36.93754,36.936916,125.346344,INFRA_RGB000102
36.999165,36.999165,36.99818,125.308395,INFRA_RGB000102
36.923927,36.923927,36.9225,125.4045,INFRA_RGB000102
36.951687,36.951687,36.950794,125.34222,INFRA_RGB000102
37.00207,37.00207,37.001026,125.34191,INFRA_RGB000102
37.014874,37.014874,37.01409,125.33627,INFRA_RGB000102
36.988884,36.988884,36.98762,125.3282,INFRA_RGB000102
37.01944,37.01944,37.01815,125.32714,INFRA_RGB000102
37.009563,37.009563,37.008625,125.345505,INFRA_RGB000102
36.95093,36.95093,36.950115,125.34326,INFRA_RGB000102
36.951992,36.951992,36.95121,125.34174,INFRA_RGB000102
36.92627,36.92627,36.92375,125.401596,INFRA_RGB000102
37.007313,37.007313,37.00584,125.33688,INFRA_RGB000102
36.923866,36.923866,36.92256,125.40427,INFRA_RGB000102
36.92623,36.92623,36.92379,125.401505,INFRA_RGB000102
37.022465,37.022465,37.02159,125.62523,INFRA_RGB000102
36.97271,36.97271,36.971455,125.59145,INFRA_RGB000102
37.023014,37.023014,37.02104,125.62545,INFRA_RGB000102
37.0156,37.0156,37.014088,125.710915,INFRA_RGB000102
37.00405,37.00405,37.00192,125.70852,INFRA_RGB000102
36.922565,36.922565,36.921707,125.75135,INFRA_RGB000102
37.003536,37.003536,37.002434,125.708244,INFRA_RGB000102
37.01983,37.01983,37.01848,125.80352,INFRA_RGB000102
37.02004,37.02004,37.01899,125.8002,INFRA_RGB000102
36.915794,36.915794,36.91482,125.760025,INFRA_RGB000102
36.957973,36.957973,36.956726,125.772964,INFRA_RGB000102
37.006138,37.006138,37.004864,125.81036,INFRA_RGB000102
36.949238,36.949238,36.948215,125.81478,INFRA_RGB000102
36.930103,36.930103,36.927105,125.78739,INFRA_RGB000102
37.020054,37.020054,37.018974,125.80023,INFRA_RGB000102
36.91064,36.91064,36.909916,125.875946,INFRA_RGB000102
37.019787,37.019787,37.01852,125.80354,INFRA_RGB000102
37.020756,37.020756,37.019707,125.82254,INFRA_RGB000102
36.930157,36.930157,36.92705,125.78739,INFRA_RGB000102
36.9088,36.9088,36.908165,125.87834,INFRA_RGB000102
36.910744,36.910744,36.909813,125.87602,INFRA_RGB000102
36.95645,36.95645,36.95537,125.90051,INFRA_RGB000102
36.928284,36.928284,36.92677,125.89342,INFRA_RGB000102
37.022167,37.022167,37.02117,125.90122,INFRA_RGB000102
36.97497,36.97497,36.974224,125.87384,INFRA_RGB000102
37.01739,37.01739,37.016605,125.91671,INFRA_RGB000102
36.923416,36.923416,36.92229,125.86927,INFRA_RGB000102
36.908867,36.908867,36.908096,125.87842,INFRA_RGB000102
36.940292,36.940292,36.939194,126.01838,INFRA_RGB000102
36.95664,36.95664,36.955906,126.022606,INFRA_RGB000102
36.956276,36.956276,36.95555,126.02262,INFRA_RGB000102
36.969517,36.969517,36.9689,126.20506,INFRA_RGB000102
36.96772,36.96772,36.967106,126.20865,INFRA_RGB000102
36.962357,36.962357,36.961685,126.206505,INFRA_RGB000102
36.969147,36.969147,36.96855,126.205055,INFRA_RGB000102
36.97635,36.97635,36.975723,126.21226,INFRA_RGB000102
36.98211,36.98211,36.981457,126.20798,INFRA_RGB000102
36.97963,36.97963,36.97891,126.21308,INFRA_RGB000102
36.943924,36.943924,36.94275,126.19676,INFRA_RGB000102
37.00071,37.00071,36.999508,126.274,INFRA_RGB000102
37.02218,37.02218,37.021164,126.35695,INFRA_RGB000102
37.0007,37.0007,36.99952,126.27394,INFRA_RGB000102
37.023235,37.023235,37.02226,126.36041,INFRA_RGB000102
37.01762,37.01762,37.017097,126.390434,INFRA_RGB000102
37.017246,37.017246,37.01675,126.39043,INFRA_RGB000102
37.022682,37.022682,37.022095,126.3603,INFRA_RGB000102
37.02267,37.02267,37.022106,126.35959,INFRA_RGB000102
37.01694,37.01694,37.016335,126.37692,INFRA_RGB000102
37.016575,37.016575,37.015984,126.37694,INFRA_RGB000102
37.018013,37.018013,37.01742,126.3847,INFRA_RGB000102
37.017647,37.017647,37.01707,126.384705,INFRA_RGB000102
37.014782,37.014782,37.014187,126.371086,INFRA_RGB000102
37.017673,37.017673,37.01704,126.36893,INFRA_RGB000102
37.01909,37.01909,37.0185,126.35594,INFRA_RGB000102
37.019424,37.019424,37.018883,126.35595,INFRA_RGB000102
37.01804,37.01804,37.017395,126.360306,INFRA_RGB000102
37.017677,37.017677,37.017036,126.360306,INFRA_RGB000102
37.022095,37.022095,37.021244,126.35692,INFRA_RGB000102
36.857315,36.857315,36.856163,125.28103,INFRA_RGB000102
36.888054,36.888054,36.88723,125.372284,INFRA_RGB000102
36.92384,36.92384,36.92259,125.4044,INFRA_RGB000102
36.906548,36.906548,36.905384,125.39874,INFRA_RGB000102
36.874382,36.874382,36.87359,125.30992,INFRA_RGB000102
36.87436,36.87436,36.872894,125.35311,INFRA_RGB000102
36.907562,36.907562,36.906525,125.372925,INFRA_RGB000102
36.926315,36.926315,36.923706,125.401596,INFRA_RGB000102
36.906597,36.906597,36.905334,125.39884,INFRA_RGB000102
36.92399,36.92399,36.92244,125.40445,INFRA_RGB000102
36.92626,36.92626,36.92376,125.40157,INFRA_RGB000102
36.8485,36.8485,36.845577,125.5709,INFRA_RGB000102
36.83217,36.83217,36.829567,125.58757,INFRA_RGB000102
36.84849,36.84849,36.84558,125.5709,INFRA_RGB000102
36.859875,36.859875,36.85863,125.72015,INFRA_RGB000102
36.831646,36.831646,36.829372,125.691315,INFRA_RGB000102
36.852467,36.852467,36.85095,125.738945,INFRA_RGB000102
36.859898,36.859898,36.858612,125.72014,INFRA_RGB000102
36.937454,36.937454,36.936283,125.79951,INFRA_RGB000102
36.92259,36.92259,36.921684,125.75135,INFRA_RGB000102
36.915783,36.915783,36.914837,125.76,INFRA_RGB000102
36.904617,36.904617,36.901566,125.767296,INFRA_RGB000102
36.930145,36.930145,36.927063,125.78741,INFRA_RGB000102
36.852425,36.852425,36.850994,125.738594,INFRA_RGB000102
36.937485,36.937485,36.936253,125.79952,INFRA_RGB000102
36.934444,36.934444,36.933544,125.842255,INFRA_RGB000102
36.92021,36.92021,36.91903,125.84051,INFRA_RGB000102
36.90864,36.90864,36.9076,125.87822,INFRA_RGB000102
36.88712,36.88712,36.886005,125.83904,INFRA_RGB000102
36.930172,36.930172,36.927036,125.78741,INFRA_RGB000102
36.88585,36.88585,36.884403,125.882164,INFRA_RGB000102
36.870083,36.870083,36.869267,125.92813,INFRA_RGB000102
36.923294,36.923294,36.922413,125.86922,INFRA_RGB000102
36.90867,36.90867,36.907578,125.87822,INFRA_RGB000102
36.885815,36.885815,36.884434,125.881805,INFRA_RGB000102
36.857525,36.857525,36.855953,125.932625,INFRA_RGB000102
36.867275,36.867275,36.865604,126.0055,INFRA_RGB000102
36.94066,36.94066,36.93955,126.01838,INFRA_RGB000102
36.943954,36.943954,36.94272,126.19679,INFRA_RGB000102
36.931763,36.931763,36.931194,126.256096,INFRA_RGB000102
36.943924,36.943924,36.94275,126.1968,INFRA_RGB000102
36.87104,36.87104,36.870464,126.57228,INFRA_RGB000102
36.848663,36.848663,36.84541,128.15433,INFRA_RGB000102
36.78476,36.78476,36.78355,125.29588,INFRA_RGB000102
36.857315,36.857315,36.856163,125.28103,INFRA_RGB000102
36.78329,36.78329,36.782146,125.43124,INFRA_RGB000102
36.8063,36.8063,36.805126,125.4316,INFRA_RGB000102
36.848465,36.848465,36.845608,125.57092,INFRA_RGB000102
36.766388,36.766388,36.763832,125.62281,INFRA_RGB000102
36.805714,36.805714,36.80284,125.61064,INFRA_RGB000102
36.8485,36.8485,36.845573,125.5709,INFRA_RGB000102
36.832253,36.832253,36.829483,125.58756,INFRA_RGB000102
36.786507,36.786507,36.78396,125.733536,INFRA_RGB000102
36.859894,36.859894,36.858612,125.720146,INFRA_RGB000102
36.83197,36.83197,36.829765,125.69131,INFRA_RGB000102
36.852455,36.852455,36.85096,125.73894,INFRA_RGB000102
36.786808,36.786808,36.784378,125.73338,INFRA_RGB000102
36.79914,36.79914,36.797913,125.75823,INFRA_RGB000102
36.85992,36.85992,36.85859,125.72014,INFRA_RGB000102
36.85245,36.85245,36.850964,125.7386,INFRA_RGB000102
36.82921,36.82921,36.82678,125.75346,INFRA_RGB000102
36.773197,36.773197,36.772114,125.891525,INFRA_RGB000102
36.764706,36.764706,36.76264,125.89298,INFRA_RGB000102
36.77843,36.77843,36.77766,125.934204,INFRA_RGB000102
36.781532,36.781532,36.78031,125.91462,INFRA_RGB000102
36.773197,36.773197,36.772114,125.89153,INFRA_RGB000102
36.764744,36.764744,36.762604,125.893,INFRA_RGB000102
36.857536,36.857536,36.85594,125.93264,INFRA_RGB000102
36.76566,36.76566,36.764565,126.03922,INFRA_RGB000102
36.76816,36.76816,36.766373,125.943115,INFRA_RGB000102
36.767193,36.767193,36.765903,126.03922,INFRA_RGB000102
36.767193,36.767193,36.765903,126.034904,INFRA_RGB000102
36.799683,36.799683,36.798813,125.982544,INFRA_RGB000102
36.765785,36.765785,36.764435,126.03925,INFRA_RGB000102
36.767326,36.767326,36.76577,126.039246,INFRA_RGB000102
36.781586,36.781586,36.780254,126.024185,INFRA_RGB000102
36.767338,36.767338,36.76576,126.03492,INFRA_RGB000102
36.821495,36.821495,36.820835,126.12967,INFRA_RGB000102
36.82187,36.82187,36.821182,126.12966,INFRA_RGB000102
36.76108,36.76108,36.760517,126.398476,INFRA_RGB000102
36.76071,36.76071,36.760166,126.39848,INFRA_RGB000102
36.786716,36.786716,36.785908,126.6364,INFRA_RGB000102
36.848225,36.848225,36.84513,128.15579,INFRA_RGB000102
36.84834,36.84834,36.845016,128.15433,INFRA_RGB000102
36.78478,36.78478,36.78353,125.29593,INFRA_RGB000102
36.704365,36.704365,36.702965,125.317856,INFRA_RGB000102
36.780792,36.780792,36.77961,125.3617,INFRA_RGB000102
36.69492,36.69492,36.693726,125.41036,INFRA_RGB000102
36.704414,36.704414,36.702915,125.31787,INFRA_RGB000102
36.697556,36.697556,36.696125,125.34794,INFRA_RGB000102
36.694885,36.694885,36.69376,125.410355,INFRA_RGB000102
36.78332,36.78332,36.782116,125.43123,INFRA_RGB000102
36.71516,36.71516,36.71229,125.50401,INFRA_RGB000102
36.69082,36.69082,36.687767,125.59222,INFRA_RGB000102
36.76639,36.76639,36.76383,125.62281,INFRA_RGB000102
36.785847,36.785847,36.7839,125.732475,INFRA_RGB000102
36.785885,36.785885,36.783863,125.732834,INFRA_RGB000102
36.76661,36.76661,36.76505,125.89275,INFRA_RGB000102
36.712067,36.712067,36.711075,125.86059,INFRA_RGB000102
36.688625,36.688625,36.687088,125.89686,INFRA_RGB000102
36.712467,36.712467,36.711395,125.865005,INFRA_RGB000102
36.68951,36.68951,36.68836,125.87464,INFRA_RGB000102
36.7732,36.7732,36.772114,125.89152,INFRA_RGB000102
36.764717,36.764717,36.762627,125.89299,INFRA_RGB000102
36.76844,36.76844,36.767532,125.88861,INFRA_RGB000102
36.730003,36.730003,36.72907,125.86957,INFRA_RGB000102
36.776714,36.776714,36.775784,125.86919,INFRA_RGB000102
36.702282,36.702282,36.701454,125.87244,INFRA_RGB000102
36.70822,36.70822,36.707016,125.91851,INFRA_RGB000102
36.778427,36.778427,36.777668,125.93421,INFRA_RGB000102
36.68842,36.68842,36.687294,125.89736,INFRA_RGB000102
36.689537,36.689537,36.68833,125.87464,INFRA_RGB000102
36.71247,36.71247,36.711388,125.86502,INFRA_RGB000102
36.781517,36.781517,36.780323,125.91461,INFRA_RGB000102
36.773186,36.773186,36.772125,125.89153,INFRA_RGB000102
36.7647,36.7647,36.76264,125.893,INFRA_RGB000102
36.768085,36.768085,36.76645,125.94311,INFRA_RGB000102
36.699043,36.699043,36.698227,126.00103,INFRA_RGB000102
36.72393,36.72393,36.722927,126.03197,INFRA_RGB000102
36.713276,36.713276,36.71202,126.0399,INFRA_RGB000102
36.76564,36.76564,36.764584,126.03921,INFRA_RGB000102
36.69701,36.69701,36.69595,126.002556,INFRA_RGB000102
36.767193,36.767193,36.765903,126.03924,INFRA_RGB000102
36.76716,36.76716,36.765938,126.03488,INFRA_RGB000102
36.70535,36.70535,36.70414,126.02577,INFRA_RGB000102
36.74188,36.74188,36.74091,126.04212,INFRA_RGB000102
36.74184,36.74184,36.740948,126.04137,INFRA_RGB000102
36.78182,36.78182,36.780743,126.024086,INFRA_RGB000102
36.72393,36.72393,36.722927,126.03197,INFRA_RGB000102
36.71327,36.71327,36.71203,126.0399,INFRA_RGB000102
36.713223,36.713223,36.712074,126.04065,INFRA_RGB000102
36.765648,36.765648,36.764572,126.0392,INFRA_RGB000102
36.767166,36.767166,36.76593,126.03921,INFRA_RGB000102
36.767162,36.767162,36.76593,126.0349,INFRA_RGB000102
36.705338,36.705338,36.70415,126.02575,INFRA_RGB000102
36.696163,36.696163,36.69536,126.10304,INFRA_RGB000102
36.69584,36.69584,36.694965,126.10019,INFRA_RGB000102
36.688583,36.688583,36.687843,126.09948,INFRA_RGB000102
36.693707,36.693707,36.692787,126.099525,INFRA_RGB000102
36.70786,36.70786,36.70738,126.338684,INFRA_RGB000102
36.74418,36.74418,36.74364,126.36883,INFRA_RGB000102
36.74384,36.74384,36.743263,126.36885,INFRA_RGB000102
36.689915,36.689915,36.68939,126.313545,INFRA_RGB000102
36.707165,36.707165,36.706635,126.332985,INFRA_RGB000102
36.70717,36.70717,36.70663,126.33798,INFRA_RGB000102
36.70717,36.70717,36.70663,126.33226,INFRA_RGB000102
36.74239,36.74239,36.741837,126.37032,INFRA_RGB000102
36.71184,36.71184,36.7113,126.342285,INFRA_RGB000102
36.711838,36.711838,36.711304,126.34157,INFRA_RGB000102
36.744183,36.744183,36.743637,126.36882,INFRA_RGB000102
36.743828,36.743828,36.743275,126.368835,INFRA_RGB000102
36.707153,36.707153,36.706646,126.337975,INFRA_RGB000102
36.760704,36.760704,36.760174,126.39843,INFRA_RGB000102
36.711857,36.711857,36.711285,126.341576,INFRA_RGB000102
36.711475,36.711475,36.710945,126.342285,INFRA_RGB000102
36.71184,36.71184,36.7113,126.34229,INFRA_RGB000102
36.742744,36.742744,36.742203,126.370316,INFRA_RGB000102
36.74237,36.74237,36.741856,126.37031,INFRA_RGB000102
36.660763,36.660763,36.659615,125.34017,INFRA_RGB000102
36.704365,36.704365,36.70297,125.317856,INFRA_RGB000102
36.67012,36.67012,36.66894,125.356384,INFRA_RGB000102
36.657303,36.657303,36.655888,125.39863,INFRA_RGB000102
36.694916,36.694916,36.693733,125.41036,INFRA_RGB000102
36.660694,36.660694,36.65968,125.340065,INFRA_RGB000102
36.70435,36.70435,36.70298,125.31789,INFRA_RGB000102
36.697514,36.697514,36.696163,125.34782,INFRA_RGB000102
36.657265,36.657265,36.655926,125.39861,INFRA_RGB000102
36.69492,36.69492,36.69373,125.410355,INFRA_RGB000102
36.62727,36.62727,36.622677,125.56091,INFRA_RGB000102
36.7069,36.7069,36.705463,125.569275,INFRA_RGB000102
36.6907,36.6907,36.687885,125.592224,INFRA_RGB000102
36.62729,36.62729,36.622658,125.56077,INFRA_RGB000102
36.706917,36.706917,36.705444,125.56929,INFRA_RGB000102
36.63202,36.63202,36.627987,125.71301,INFRA_RGB000102
36.643646,36.643646,36.63936,125.69198,INFRA_RGB000102
36.63191,36.63191,36.628098,125.712875,INFRA_RGB000102
36.665737,36.665737,36.661823,125.74691,INFRA_RGB000102
36.702263,36.702263,36.701477,125.87242,INFRA_RGB000102
36.701275,36.701275,36.70031,125.89397,INFRA_RGB000102
36.68953,36.68953,36.68834,125.87465,INFRA_RGB000102
36.699444,36.699444,36.698544,125.90658,INFRA_RGB000102
36.649223,36.649223,36.648155,125.88649,INFRA_RGB000102
36.702263,36.702263,36.701477,125.87241,INFRA_RGB000102
36.701237,36.701237,36.700348,125.89398,INFRA_RGB000102
36.69841,36.69841,36.697426,125.90485,INFRA_RGB000102
36.652184,36.652184,36.65094,125.89193,INFRA_RGB000102
36.689518,36.689518,36.68835,125.87464,INFRA_RGB000102
36.688347,36.688347,36.687363,125.8973,INFRA_RGB000102
36.704983,36.704983,36.70379,125.93685,INFRA_RGB000102
36.61983,36.61983,36.618618,125.91453,INFRA_RGB000102
36.652676,36.652676,36.65045,125.900345,INFRA_RGB000102
36.63793,36.63793,36.636448,125.90095,INFRA_RGB000102
36.608406,36.608406,36.607048,125.89845,INFRA_RGB000102
36.69704,36.69704,36.69592,126.00254,INFRA_RGB000102
36.668777,36.668777,36.66597,126.03516,INFRA_RGB000102
36.705315,36.705315,36.704174,126.02575,INFRA_RGB000102
36.66874,36.66874,36.666008,126.03522,INFRA_RGB000102
36.705326,36.705326,36.70416,126.02575,INFRA_RGB000102
36.650295,36.650295,36.648518,126.112656,INFRA_RGB000102
36.613808,36.613808,36.613144,126.10945,INFRA_RGB000102
36.64921,36.64921,36.648167,126.111115,INFRA_RGB000102
36.69688,36.69688,36.69608,126.10308,INFRA_RGB000102
36.69721,36.69721,36.69647,126.10237,INFRA_RGB000102
36.6153,36.6153,36.614525,126.107506,INFRA_RGB000102
36.651398,36.651398,36.65029,126.11249,INFRA_RGB000102
36.652103,36.652103,36.651024,126.1125,INFRA_RGB000102
36.69592,36.69592,36.69488,126.09951,INFRA_RGB000102
36.653305,36.653305,36.652695,126.1102,INFRA_RGB000102
36.61247,36.61247,36.611607,126.10743,INFRA_RGB000102
36.61093,36.61093,36.610268,126.1052,INFRA_RGB000102
36.652756,36.652756,36.65181,126.11319,INFRA_RGB000102
36.694992,36.694992,36.693653,126.09966,INFRA_RGB000102
36.695835,36.695835,36.694965,126.10018,INFRA_RGB000102
36.696167,36.696167,36.695354,126.10303,INFRA_RGB000102
36.688606,36.688606,36.687824,126.09949,INFRA_RGB000102
36.69408,36.69408,36.693127,126.09954,INFRA_RGB000102
36.66333,36.66333,36.662792,126.27833,INFRA_RGB000102
36.65182,36.65182,36.651306,126.266815,INFRA_RGB000102
36.656136,36.656136,36.655617,126.28121,INFRA_RGB000102
36.59435,36.59435,36.593792,126.304245,INFRA_RGB000102
36.5972,36.5972,36.596695,126.31138,INFRA_RGB000102
36.59939,36.59939,36.598816,126.32073,INFRA_RGB000102
36.601864,36.601864,36.60065,126.354645,INFRA_RGB000102
36.59653,36.59653,36.595924,126.355965,INFRA_RGB000102
36.595787,36.595787,36.59523,126.320015,INFRA_RGB000102
36.664074,36.664074,36.663486,126.31285,INFRA_RGB000102
36.664036,36.664036,36.663525,126.31712,INFRA_RGB000102
36.594334,36.594334,36.59381,126.32361,INFRA_RGB000102
36.593746,36.593746,36.59296,126.36326,INFRA_RGB000102
36.60443,36.60443,36.603832,126.356125,INFRA_RGB000102
36.593006,36.593006,36.592262,126.359116,INFRA_RGB000102
36.59525,36.59525,36.594334,126.359886,INFRA_RGB000102
36.689926,36.689926,36.68938,126.31355,INFRA_RGB000102
36.597256,36.597256,36.596638,126.34017,INFRA_RGB000102
36.59507,36.59507,36.59451,126.30855,INFRA_RGB000102
36.608776,36.608776,36.608112,126.33083,INFRA_RGB000102
36.626717,36.626717,36.626102,126.36745,INFRA_RGB000102
36.662643,36.662643,36.66204,126.34017,INFRA_RGB000102
36.5953,36.5953,36.59428,126.33534,INFRA_RGB000102
36.600132,36.600132,36.59951,126.34884,INFRA_RGB000102
36.661175,36.661175,36.660637,126.33661,INFRA_RGB000102
36.626728,36.626728,36.626095,126.368195,INFRA_RGB000102
36.59508,36.59508,36.5945,126.34876,INFRA_RGB000102
36.594513,36.594513,36.593628,126.359886,INFRA_RGB000102
36.63822,36.63822,36.637596,126.36747,INFRA_RGB000102
36.661194,36.661194,36.660618,126.33585,INFRA_RGB000102
36.7068,36.7068,36.706284,126.33812,INFRA_RGB000102
36.632416,36.632416,36.6319,126.369606,INFRA_RGB000102
36.664818,36.664818,36.66418,126.310715,INFRA_RGB000102
36.592243,36.592243,36.59159,126.34022,INFRA_RGB000102
36.593178,36.593178,36.59209,126.32885,INFRA_RGB000102
36.60082,36.60082,36.600258,126.330124,INFRA_RGB000102
36.66128,36.66128,36.66053,126.34167,INFRA_RGB000102
36.595287,36.595287,36.59429,126.33601,INFRA_RGB000102
36.601105,36.601105,36.59997,126.34622,INFRA_RGB000102
36.601685,36.601685,36.600834,126.354576,INFRA_RGB000102
36.624584,36.624584,36.623928,126.38984,INFRA_RGB000102
36.635468,36.635468,36.6346,126.42362,INFRA_RGB000102
36.596542,36.596542,36.595913,126.35597,INFRA_RGB000102
36.60225,36.60225,36.601704,126.35238,INFRA_RGB000102
36.635445,36.635445,36.634624,126.424324,INFRA_RGB000102
36.593754,36.593754,36.592953,126.363266,INFRA_RGB000102
36.623913,36.623913,36.62316,126.38831,INFRA_RGB000102
36.604443,36.604443,36.603825,126.35614,INFRA_RGB000102
36.62676,36.62676,36.62606,126.3682,INFRA_RGB000102
36.595253,36.595253,36.594326,126.3599,INFRA_RGB000102
36.70717,36.70717,36.706635,126.33816,INFRA_RGB000102
36.66264,36.66264,36.662045,126.34021,INFRA_RGB000102
36.625343,36.625343,36.624603,126.38981,INFRA_RGB000102
36.593002,36.593002,36.592266,126.359116,INFRA_RGB000102
36.706776,36.706776,36.706303,126.33816,INFRA_RGB000102
36.620472,36.620472,36.619415,126.38854,INFRA_RGB000102
36.632458,36.632458,36.63186,126.36961,INFRA_RGB000102
36.595066,36.595066,36.594513,126.33727,INFRA_RGB000102
36.63828,36.63828,36.63754,126.3675,INFRA_RGB000102
36.600124,36.600124,36.599518,126.34885,INFRA_RGB000102
36.628296,36.628296,36.6274,126.42152,INFRA_RGB000102
36.592903,36.592903,36.592365,126.34021,INFRA_RGB000102
36.597225,36.597225,36.59667,126.34017,INFRA_RGB000102
36.592182,36.592182,36.59165,126.340225,INFRA_RGB000102
36.661236,36.661236,36.660576,126.33654,INFRA_RGB000102
36.59454,36.59454,36.593605,126.35994,INFRA_RGB000102
36.5951,36.5951,36.594482,126.348785,INFRA_RGB000102
36.66129,36.66129,36.660522,126.341675,INFRA_RGB000102
36.601105,36.601105,36.59997,126.34623,INFRA_RGB000102
36.644684,36.644684,36.64407,126.41852,INFRA_RGB000102
36.636795,36.636795,36.63615,126.42646,INFRA_RGB000102
36.630383,36.630383,36.629623,126.42501,INFRA_RGB000102
36.623142,36.623142,36.622494,126.41641,INFRA_RGB000102
36.638985,36.638985,36.63827,126.431564,INFRA_RGB000102
36.638294,36.638294,36.637524,126.42865,INFRA_RGB000102
36.623127,36.623127,36.62251,126.417114,INFRA_RGB000102
36.635456,36.635456,36.634613,126.42363,INFRA_RGB000102
36.61809,36.61809,36.617485,126.41557,INFRA_RGB000102
36.63544,36.63544,36.63463,126.42432,INFRA_RGB000102
36.628284,36.628284,36.62741,126.42152,INFRA_RGB000102
36.532352,36.532352,36.530746,125.39542,INFRA_RGB000102
36.541492,36.541492,36.540287,125.37057,INFRA_RGB000102
36.51407,36.51407,36.513096,125.38247,INFRA_RGB000102
36.53728,36.53728,36.535877,125.37607,INFRA_RGB000102
36.571815,36.571815,36.570335,125.43544,INFRA_RGB000102
36.532227,36.532227,36.530872,125.39541,INFRA_RGB000102
36.54223,36.54223,36.53955,125.48115,INFRA_RGB000102
36.57796,36.57796,36.575687,125.42836,INFRA_RGB000102
36.56244,36.56244,36.561024,125.51841,INFRA_RGB000102
36.542244,36.542244,36.539536,125.481155,INFRA_RGB000102
36.62727,36.62727,36.622677,125.56098,INFRA_RGB000102
36.548935,36.548935,36.54578,125.63013,INFRA_RGB000102
36.627285,36.627285,36.62266,125.56094,INFRA_RGB000102
36.627,36.627,36.625824,125.70649,INFRA_RGB000102
36.54898,36.54898,36.54574,125.630165,INFRA_RGB000102
36.553635,36.553635,36.551144,125.79842,INFRA_RGB000102
36.5525,36.5525,36.5494,125.88656,INFRA_RGB000102
36.54503,36.54503,36.54394,125.83047,INFRA_RGB000102
36.581886,36.581886,36.578945,125.89445,INFRA_RGB000102
36.56548,36.56548,36.563732,125.91086,INFRA_RGB000102
36.552315,36.552315,36.54959,125.88657,INFRA_RGB000102
36.619812,36.619812,36.618637,125.91454,INFRA_RGB000102
36.58263,36.58263,36.57964,125.89446,INFRA_RGB000102
36.56478,36.56478,36.562992,125.91529,INFRA_RGB000102
36.60839,36.60839,36.607063,125.89846,INFRA_RGB000102
36.54058,36.54058,36.539764,126.03772,INFRA_RGB000102
36.58023,36.58023,36.579166,126.01258,INFRA_RGB000102
36.531223,36.531223,36.530437,125.99096,INFRA_RGB000102
36.534912,36.534912,36.533936,125.98818,INFRA_RGB000102
36.535007,36.535007,36.53384,126.009834,INFRA_RGB000102
36.522045,36.522045,36.52093,125.98601,INFRA_RGB000102
36.53502,36.53502,36.53383,125.98247,INFRA_RGB000102
36.51841,36.51841,36.51738,125.99392,INFRA_RGB000102
36.52481,36.52481,36.523914,125.979515,INFRA_RGB000102
36.522022,36.522022,36.520954,125.991196,INFRA_RGB000102
36.55006,36.55006,36.54897,125.99759,INFRA_RGB000102
36.535004,36.535004,36.53384,125.98319,INFRA_RGB000102
36.517685,36.517685,36.516666,125.99394,INFRA_RGB000102
36.55006,36.55006,36.54897,125.998314,INFRA_RGB000102
36.568092,36.568092,36.56687,126.01636,INFRA_RGB000102
36.561035,36.561035,36.559555,126.00288,INFRA_RGB000102
36.534164,36.534164,36.533245,126.02622,INFRA_RGB000102
36.5406,36.5406,36.539745,126.03773,INFRA_RGB000102
36.533546,36.533546,36.532425,126.13408,INFRA_RGB000102
36.549812,36.549812,36.549217,126.15259,INFRA_RGB000102
36.5413,36.5413,36.54048,126.19944,INFRA_RGB000102
36.55922,36.55922,36.558495,126.20728,INFRA_RGB000102
36.550728,36.550728,36.54974,126.19951,INFRA_RGB000102
36.569237,36.569237,36.5686,126.13894,INFRA_RGB000102
36.55701,36.55701,36.55639,126.14762,INFRA_RGB000102
36.52411,36.52411,36.52318,126.20665,INFRA_RGB000102
36.531136,36.531136,36.530525,126.219475,INFRA_RGB000102
36.54196,36.54196,36.541256,126.20076,INFRA_RGB000102
36.544056,36.544056,36.543472,126.20285,INFRA_RGB000102
36.554806,36.554806,36.554287,126.20646,INFRA_RGB000102
36.51602,36.51602,36.515453,126.19212,INFRA_RGB000102
36.522484,36.522484,36.52193,126.192116,INFRA_RGB000102
36.544018,36.544018,36.543514,126.199295,INFRA_RGB000102
36.561256,36.561256,36.56077,126.19853,INFRA_RGB000102
36.5413,36.5413,36.54048,126.200096,INFRA_RGB000102
36.546906,36.546906,36.546375,126.190674,INFRA_RGB000102
36.55265,36.55265,36.552128,126.2036,INFRA_RGB000102
36.544735,36.544735,36.544235,126.17987,INFRA_RGB000102
36.549797,36.549797,36.549232,126.19215,INFRA_RGB000102
36.53836,36.53836,36.537674,126.19647,INFRA_RGB000102
36.552723,36.552723,36.55206,126.26184,INFRA_RGB000102
36.52407,36.52407,36.523216,126.20662,INFRA_RGB000102
36.54913,36.54913,36.548466,126.19218,INFRA_RGB000102
36.541267,36.541267,36.540512,126.199394,INFRA_RGB000102
36.55917,36.55917,36.558544,126.20723,INFRA_RGB000102
36.554882,36.554882,36.554207,126.25977,INFRA_RGB000102
36.550686,36.550686,36.549778,126.199486,INFRA_RGB000102
36.56348,36.56348,36.56286,126.21301,INFRA_RGB000102
36.548412,36.548412,36.54774,126.17849,INFRA_RGB000102
36.583817,36.583817,36.582767,126.35402,INFRA_RGB000102
36.601036,36.601036,36.600044,126.34623,INFRA_RGB000102
36.53474,36.53474,36.534103,126.364624,INFRA_RGB000102
36.53548,36.53548,36.5348,126.36462,INFRA_RGB000102
36.56066,36.56066,36.559925,126.34525,INFRA_RGB000102
36.53618,36.53618,36.53554,126.34591,INFRA_RGB000102
36.55927,36.55927,36.55845,126.36679,INFRA_RGB000102
36.62741,36.62741,36.626846,126.36817,INFRA_RGB000102
36.551323,36.551323,36.550583,126.34601,INFRA_RGB000102
36.55486,36.55486,36.554234,126.36676,INFRA_RGB000102
36.570763,36.570763,36.569946,126.33749,INFRA_RGB000102
36.539753,36.539753,36.539154,126.33441,INFRA_RGB000102
36.55279,36.55279,36.55199,126.34171,INFRA_RGB000102
36.595173,36.595173,36.59441,126.35983,INFRA_RGB000102
36.53544,36.53544,36.534843,126.34592,INFRA_RGB000102
36.571507,36.571507,36.570644,126.33749,INFRA_RGB000102
36.552807,36.552807,36.55197,126.340996,INFRA_RGB000102
36.6267,36.6267,36.62612,126.36818,INFRA_RGB000102
36.594486,36.594486,36.593655,126.35984,INFRA_RGB000102
36.582294,36.582294,36.581417,126.33171,INFRA_RGB000102
36.582287,36.582287,36.58142,126.33099,INFRA_RGB000102
36.54224,36.54224,36.540977,126.368774,INFRA_RGB000102
36.62744,36.62744,36.626816,126.368195,INFRA_RGB000102
36.570686,36.570686,36.570026,126.35962,INFRA_RGB000102
36.618073,36.618073,36.617504,126.41562,INFRA_RGB000102
36.571457,36.571457,36.570694,126.35966,INFRA_RGB000102
36.628098,36.628098,36.627598,126.39206,INFRA_RGB000102
36.58378,36.58378,36.582806,126.356155,INFRA_RGB000102
36.621117,36.621117,36.620205,126.410034,INFRA_RGB000102
36.535477,36.535477,36.53481,126.3646,INFRA_RGB000102
36.597187,36.597187,36.596703,126.34014,INFRA_RGB000102
36.57288,36.57288,36.572144,126.35679,INFRA_RGB000102
36.623905,36.623905,36.623165,126.4121,INFRA_RGB000102
36.623146,36.623146,36.62249,126.417114,INFRA_RGB000102
36.621788,36.621788,36.620975,126.41067,INFRA_RGB000102
36.62744,36.62744,36.626816,126.410675,INFRA_RGB000102
36.57869,36.57869,36.57783,126.33658,INFRA_RGB000102
36.62251,36.62251,36.62169,126.410645,INFRA_RGB000102
36.62392,36.62392,36.623154,126.38833,INFRA_RGB000102
36.571438,36.571438,36.570713,126.33749,INFRA_RGB000102
36.62672,36.62672,36.626102,126.368195,INFRA_RGB000102
36.62535,36.62535,36.624596,126.38982,INFRA_RGB000102
36.62465,36.62465,36.62386,126.38983,INFRA_RGB000102
36.559242,36.559242,36.55847,126.36678,INFRA_RGB000102
36.53901,36.53901,36.53846,126.34229,INFRA_RGB000102
36.551353,36.551353,36.550552,126.34602,INFRA_RGB000102
36.623222,36.623222,36.622414,126.41215,INFRA_RGB000102
36.595192,36.595192,36.594387,126.35984,INFRA_RGB000102
36.560665,36.560665,36.55992,126.34525,INFRA_RGB000102
36.552757,36.552757,36.552025,126.34101,INFRA_RGB000102
36.583813,36.583813,36.58277,126.35407,INFRA_RGB000102
36.62812,36.62812,36.627575,126.4216,INFRA_RGB000102
36.535454,36.535454,36.534832,126.345924,INFRA_RGB000102
36.552803,36.552803,36.551975,126.34172,INFRA_RGB000102
36.59452,36.59452,36.593624,126.35985,INFRA_RGB000102
36.601074,36.601074,36.600006,126.34623,INFRA_RGB000102
36.542248,36.542248,36.54097,126.368774,INFRA_RGB000102
36.62239,36.62239,36.621803,126.41849,INFRA_RGB000102
36.62314,36.62314,36.622498,126.41642,INFRA_RGB000102
36.618065,36.618065,36.617508,126.41558,INFRA_RGB000102
36.62312,36.62312,36.622517,126.4171,INFRA_RGB000102
36.62811,36.62811,36.627586,126.42155,INFRA_RGB000102
36.545094,36.545094,36.543873,125.35363,INFRA_RGB000102
36.532326,36.532326,36.530773,125.39548,INFRA_RGB000102
36.541565,36.541565,36.54022,125.37059,INFRA_RGB000102
36.537327,36.537327,36.53583,125.376076,INFRA_RGB000102
36.500595,36.500595,36.497826,125.42915,INFRA_RGB000102
36.542168,36.542168,36.539616,125.481094,INFRA_RGB000102
36.48551,36.48551,36.482727,125.52314,INFRA_RGB000102
36.542164,36.542164,36.539616,125.48111,INFRA_RGB000102
36.5071,36.5071,36.504257,125.58635,INFRA_RGB000102
36.548786,36.548786,36.545933,125.63005,INFRA_RGB000102
36.54887,36.54887,36.54585,125.63007,INFRA_RGB000102
36.512062,36.512062,36.510788,125.77804,INFRA_RGB000102
36.46879,36.46879,36.46639,125.80891,INFRA_RGB000102
36.502304,36.502304,36.500427,125.89666,INFRA_RGB000102
36.4788,36.4788,36.477936,125.88105,INFRA_RGB000102
36.491814,36.491814,36.49079,125.87825,INFRA_RGB000102
36.49251,36.49251,36.49153,125.878624,INFRA_RGB000102
36.498898,36.498898,36.498085,125.88318,INFRA_RGB000102
36.54501,36.54501,36.54396,125.83045,INFRA_RGB000102
36.48687,36.48687,36.485676,125.88086,INFRA_RGB000102
36.478947,36.478947,36.477787,125.848404,INFRA_RGB000102
36.468807,36.468807,36.46637,125.808914,INFRA_RGB000102
36.487106,36.487106,36.485443,125.88502,INFRA_RGB000102
36.51287,36.51287,36.51142,125.85249,INFRA_RGB000102
36.499958,36.499958,36.49846,125.85549,INFRA_RGB000102
36.492516,36.492516,36.49153,125.87863,INFRA_RGB000102
36.486904,36.486904,36.48564,125.88084,INFRA_RGB000102
36.49889,36.49889,36.498093,125.88317,INFRA_RGB000102
36.46814,36.46814,36.467037,125.97451,INFRA_RGB000102
36.48102,36.48102,36.480026,125.864944,INFRA_RGB000102
36.487114,36.487114,36.48543,125.88501,INFRA_RGB000102
36.436584,36.436584,36.435352,125.909615,INFRA_RGB000102
36.446075,36.446075,36.444546,125.952675,INFRA_RGB000102
36.45725,36.45725,36.45637,125.94214,INFRA_RGB000102
36.522045,36.522045,36.52093,125.986,INFRA_RGB000102
36.524887,36.524887,36.523838,125.979546,INFRA_RGB000102
36.53124,36.53124,36.53042,125.99095,INFRA_RGB000102
36.534992,36.534992,36.533855,125.982445,INFRA_RGB000102
36.54059,36.54059,36.539757,126.037735,INFRA_RGB000102
36.453674,36.453674,36.452755,125.94428,INFRA_RGB000102
36.517693,36.517693,36.51666,125.99392,INFRA_RGB000102
36.52554,36.52554,36.52462,125.97954,INFRA_RGB000102
36.522022,36.522022,36.520954,125.99119,INFRA_RGB000102
36.51841,36.51841,36.51738,125.99395,INFRA_RGB000102
36.53502,36.53502,36.533825,125.98318,INFRA_RGB000102
36.446056,36.446056,36.444565,125.95267,INFRA_RGB000102
36.534138,36.534138,36.53327,126.02622,INFRA_RGB000102
36.546436,36.546436,36.545406,126.02338,INFRA_RGB000102
36.540627,36.540627,36.53972,126.03775,INFRA_RGB000102
36.533585,36.533585,36.532387,126.13407,INFRA_RGB000102
36.533577,36.533577,36.532394,126.13407,INFRA_RGB000102
36.51264,36.51264,36.510212,126.15773,INFRA_RGB000102
36.457176,36.457176,36.456444,126.367516,INFRA_RGB000102
36.451374,36.451374,36.450745,126.34663,INFRA_RGB000102
36.44494,36.44494,36.444244,126.33591,INFRA_RGB000102
36.460777,36.460777,36.46003,126.37107,INFRA_RGB000102
36.539,36.539,36.538467,126.34229,INFRA_RGB000102
36.45285,36.45285,36.452145,126.355995,INFRA_RGB000102
36.43987,36.43987,36.439255,126.36745,INFRA_RGB000102
36.44919,36.44919,36.448616,126.36533,INFRA_RGB000102
36.535465,36.535465,36.534817,126.36463,INFRA_RGB000102
36.4859,36.4859,36.485207,126.35458,INFRA_RGB000102
36.444942,36.444942,36.44424,126.33664,INFRA_RGB000102
36.546307,36.546307,36.54554,126.37048,INFRA_RGB000102
36.45212,36.45212,36.451435,126.34459,INFRA_RGB000102
36.535446,36.535446,36.53484,126.34593,INFRA_RGB000102
36.539753,36.539753,36.539158,126.33442,INFRA_RGB000102
36.549023,36.549023,36.548573,126.34165,INFRA_RGB000102
36.455082,36.455082,36.454224,126.36617,INFRA_RGB000102
36.442196,36.442196,36.44124,126.34488,INFRA_RGB000102
36.46436,36.46436,36.46363,126.36681,INFRA_RGB000102
36.454327,36.454327,36.45354,126.366196,INFRA_RGB000102
36.54229,36.54229,36.54093,126.368805,INFRA_RGB000102
36.452835,36.452835,36.45216,126.35598,INFRA_RGB000102
36.45137,36.45137,36.45075,126.34666,INFRA_RGB000102
36.458607,36.458607,36.457886,126.37112,INFRA_RGB000102
36.439877,36.439877,36.439247,126.367455,INFRA_RGB000102
36.49229,36.49229,36.491753,126.34804,INFRA_RGB000102
36.458645,36.458645,36.457848,126.37043,INFRA_RGB000102
36.434944,36.434944,36.434116,126.393265,INFRA_RGB000102
36.444984,36.444984,36.4442,126.33656,INFRA_RGB000102
36.460773,36.460773,36.460033,126.371155,INFRA_RGB000102
36.546276,36.546276,36.545567,126.37039,INFRA_RGB000102
36.4859,36.4859,36.48521,126.35458,INFRA_RGB000102
36.535484,36.535484,36.5348,126.36464,INFRA_RGB000102
36.539013,36.539013,36.538456,126.3423,INFRA_RGB000102
36.452145,36.452145,36.451412,126.34386,INFRA_RGB000102
36.535465,36.535465,36.534817,126.34595,INFRA_RGB000102
36.452145,36.452145,36.451412,126.34459,INFRA_RGB000102
36.549023,36.549023,36.548573,126.34165,INFRA_RGB000102
36.464382,36.464382,36.463608,126.36684,INFRA_RGB000102
36.454323,36.454323,36.453545,126.366196,INFRA_RGB000102
36.442207,36.442207,36.441227,126.34488,INFRA_RGB000102
36.46022,36.46022,36.459145,126.37363,INFRA_RGB000102
36.542297,36.542297,36.540924,126.368805,INFRA_RGB000102
36.435562,36.435562,36.434937,126.41635,INFRA_RGB000102
36.40718,36.40718,36.405827,125.7331,INFRA_RGB000102
36.413834,36.413834,36.41211,125.763626,INFRA_RGB000102
36.40708,36.40708,36.405926,125.74738,INFRA_RGB000102
36.41069,36.41069,36.4095,125.74205,INFRA_RGB000102
36.407196,36.407196,36.40581,125.733116,INFRA_RGB000102
36.4122,36.4122,36.410866,125.76363,INFRA_RGB000102
36.41346,36.41346,36.41248,125.76968,INFRA_RGB000102
36.46883,36.46883,36.466347,125.80894,INFRA_RGB000102
36.417454,36.417454,36.415672,125.7709,INFRA_RGB000102
36.405693,36.405693,36.404438,125.876335,INFRA_RGB000102
36.43295,36.43295,36.4318,125.87682,INFRA_RGB000102
36.41125,36.41125,36.41038,125.88714,INFRA_RGB000102
36.47003,36.47003,36.46946,125.88224,INFRA_RGB000102
36.40705,36.40705,36.405956,125.869995,INFRA_RGB000102
36.395565,36.395565,36.394447,125.89622,INFRA_RGB000102
36.406998,36.406998,36.40601,125.8808,INFRA_RGB000102
36.469494,36.469494,36.468555,125.849945,INFRA_RGB000102
36.468838,36.468838,36.46634,125.808945,INFRA_RGB000102
36.3561,36.3561,36.35486,125.889175,INFRA_RGB000102
36.423687,36.423687,36.42238,125.88817,INFRA_RGB000102
36.41729,36.41729,36.41584,125.87603,INFRA_RGB000102
36.386868,36.386868,36.384457,125.9054,INFRA_RGB000102
36.407063,36.407063,36.405945,125.86999,INFRA_RGB000102
36.395573,36.395573,36.394436,125.89625,INFRA_RGB000102
36.415024,36.415024,36.412354,125.910835,INFRA_RGB000102
36.470043,36.470043,36.469444,125.88225,INFRA_RGB000102
36.42366,36.42366,36.422405,125.88812,INFRA_RGB000102
36.436573,36.436573,36.435364,125.909546,INFRA_RGB000102
36.38841,36.38841,36.387226,125.92206,INFRA_RGB000102
36.38343,36.38343,36.382145,125.91959,INFRA_RGB000102
36.46813,36.46813,36.46705,125.97451,INFRA_RGB000102
36.3561,36.3561,36.35486,125.88915,INFRA_RGB000102
36.446075,36.446075,36.444546,125.95267,INFRA_RGB000102
36.41727,36.41727,36.41586,125.87599,INFRA_RGB000102
36.375553,36.375553,36.374214,125.94295,INFRA_RGB000102
36.453663,36.453663,36.452766,125.94431,INFRA_RGB000102
36.468132,36.468132,36.46705,125.97452,INFRA_RGB000102
36.44606,36.44606,36.44456,125.95266,INFRA_RGB000102
36.45353,36.45353,36.452904,126.236,INFRA_RGB000102
36.453533,36.453533,36.452896,126.23672,INFRA_RGB000102
36.449203,36.449203,36.448605,126.36533,INFRA_RGB000102
36.452854,36.452854,36.45214,126.35599,INFRA_RGB000102
36.452152,36.452152,36.451405,126.34459,INFRA_RGB000102
36.439865,36.439865,36.43926,126.36746,INFRA_RGB000102
36.44222,36.44222,36.441216,126.34492,INFRA_RGB000102
36.45432,36.45432,36.453552,126.36618,INFRA_RGB000102
36.46436,36.46436,36.46363,126.36683,INFRA_RGB000102
36.455055,36.455055,36.45425,126.3662,INFRA_RGB000102
36.44227,36.44227,36.441166,126.34489,INFRA_RGB000102
36.445034,36.445034,36.444153,126.336555,INFRA_RGB000102
36.455055,36.455055,36.45425,126.3662,INFRA_RGB000102
36.452164,36.452164,36.451393,126.343895,INFRA_RGB000102
36.45217,36.45217,36.451385,126.344604,INFRA_RGB000102
36.464386,36.464386,36.463604,126.36685,INFRA_RGB000102
36.43363,36.43363,36.432556,126.38661,INFRA_RGB000102
36.41034,36.41034,36.409855,126.44504,INFRA_RGB000102
36.435535,36.435535,36.434963,126.41631,INFRA_RGB000102
36.294334,36.294334,36.293015,125.87115,INFRA_RGB000102
36.300896,36.300896,36.299393,125.85305,INFRA_RGB000102
36.339497,36.339497,36.338406,125.860275,INFRA_RGB000102
36.383514,36.383514,36.38206,125.87079,INFRA_RGB000102
36.302902,36.302902,36.301693,125.84998,INFRA_RGB000102
36.301525,36.301525,36.300198,125.85289,INFRA_RGB000102
36.29227,36.29227,36.290764,125.8752,INFRA_RGB000102
36.355766,36.355766,36.353756,125.88921,INFRA_RGB000102
36.28354,36.28354,36.280815,125.89724,INFRA_RGB000102
36.375557,36.375557,36.374207,125.94297,INFRA_RGB000102
36.294273,36.294273,36.293076,125.8711,INFRA_RGB000102
36.38417,36.38417,36.382843,125.93829,INFRA_RGB000102
36.383495,36.383495,36.38208,125.87077,INFRA_RGB000102
36.292324,36.292324,36.29071,125.87557,INFRA_RGB000102
36.34596,36.34596,36.343437,125.926735,INFRA_RGB000102
36.386883,36.386883,36.38444,125.90544,INFRA_RGB000102
36.35581,36.35581,36.35371,125.88921,INFRA_RGB000102
36.388424,36.388424,36.387215,125.92211,INFRA_RGB000102
36.383423,36.383423,36.382153,125.91962,INFRA_RGB000102
36.357964,36.357964,36.357307,126.17137,INFRA_RGB000102
36.357224,36.357224,36.356606,126.17132,INFRA_RGB000102
36.35217,36.35217,36.3516,126.1849,INFRA_RGB000102
36.33927,36.33927,36.338627,126.17487,INFRA_RGB000102
36.324203,36.324203,36.323513,126.16771,INFRA_RGB000102
36.36305,36.36305,36.36228,126.203,INFRA_RGB000102
36.361607,36.361607,36.36085,126.19309,INFRA_RGB000102
36.334305,36.334305,36.333534,126.16561,INFRA_RGB000102
36.359467,36.359467,36.35868,126.188774,INFRA_RGB000102
36.36374,36.36374,36.36303,126.20297,INFRA_RGB000102
36.361645,36.361645,36.36081,126.19307,INFRA_RGB000102
36.388763,36.388763,36.38831,126.220825,INFRA_RGB000102
36.360954,36.360954,36.360065,126.19306,INFRA_RGB000102
36.3457,36.3457,36.345135,126.28124,INFRA_RGB000102
36.29907,36.29907,36.298344,126.279144,INFRA_RGB000102
36.356506,36.356506,36.35589,126.18415,INFRA_RGB000102
36.35647,36.35647,36.355927,126.18488,INFRA_RGB000102
36.35215,36.35215,36.351624,126.1849,INFRA_RGB000102
36.359486,36.359486,36.358658,126.188774,INFRA_RGB000102
36.342056,36.342056,36.341595,126.30278,INFRA_RGB000102
36.29683,36.29683,36.296272,126.2849,INFRA_RGB000102
36.296158,36.296158,36.295506,126.285576,INFRA_RGB000102
36.344215,36.344215,36.343746,126.294914,INFRA_RGB000102
36.2954,36.2954,36.294823,126.285515,INFRA_RGB000102
36.344944,36.344944,36.344456,126.2776,INFRA_RGB000102
36.29681,36.29681,36.296288,126.2841,INFRA_RGB000102
36.342068,36.342068,36.341583,126.30208,INFRA_RGB000102
36.31478,36.31478,36.314247,126.262505,INFRA_RGB000102
36.344215,36.344215,36.343746,126.29568,INFRA_RGB000102
36.30471,36.30471,36.3042,126.271866,INFRA_RGB000102
36.315495,36.315495,36.314976,126.26253,INFRA_RGB000102
36.35721,36.35721,36.356625,126.31499,INFRA_RGB000102
36.359337,36.359337,36.35881,126.31067,INFRA_RGB000102
36.345665,36.345665,36.34517,126.28054,INFRA_RGB000102
36.34567,36.34567,36.345165,126.28126,INFRA_RGB000102
36.309776,36.309776,36.309193,126.26688,INFRA_RGB000102
36.299065,36.299065,36.298344,126.27915,INFRA_RGB000102
36.3179,36.3179,36.31688,126.257675,INFRA_RGB000102
36.30113,36.30113,36.300594,127.23126,INFRA_RGB000102
36.234966,36.234966,36.233086,125.766624,INFRA_RGB000102
36.304153,36.304153,36.303318,125.86451,INFRA_RGB000102
36.301502,36.301502,36.30022,125.85283,INFRA_RGB000102
36.30293,36.30293,36.30167,125.85038,INFRA_RGB000102
36.292225,36.292225,36.290813,125.87519,INFRA_RGB000102
36.28346,36.28346,36.28089,125.89723,INFRA_RGB000102
36.294273,36.294273,36.293076,125.871086,INFRA_RGB000102
36.243916,36.243916,36.241386,125.95713,INFRA_RGB000102
36.292213,36.292213,36.290825,125.8752,INFRA_RGB000102
36.259953,36.259953,36.25697,125.995995,INFRA_RGB000102
36.24392,36.24392,36.241383,125.957184,INFRA_RGB000102
36.223648,36.223648,36.22141,126.00034,INFRA_RGB000102
36.222797,36.222797,36.22082,126.10514,INFRA_RGB000102
36.217854,36.217854,36.215702,126.11147,INFRA_RGB000102
36.21907,36.21907,36.21736,126.10845,INFRA_RGB000102
36.2179,36.2179,36.215656,126.11153,INFRA_RGB000102
36.22288,36.22288,36.220737,126.10508,INFRA_RGB000102
36.304714,36.304714,36.304195,126.271164,INFRA_RGB000102
36.296833,36.296833,36.296265,126.284904,INFRA_RGB000102
36.29611,36.29611,36.29555,126.28558,INFRA_RGB000102
36.295406,36.295406,36.294815,126.28552,INFRA_RGB000102
36.309025,36.309025,36.30851,126.233765,INFRA_RGB000102
36.29681,36.29681,36.296288,126.2841,INFRA_RGB000102
36.3047,36.3047,36.304207,126.27186,INFRA_RGB000102
36.30978,36.30978,36.30919,126.266884,INFRA_RGB000102
36.252357,36.252357,36.25163,126.20441,INFRA_RGB000102
36.299065,36.299065,36.298347,126.27987,INFRA_RGB000102
36.29906,36.29906,36.29835,126.27915,INFRA_RGB000102
36.29681,36.29681,36.296288,126.284836,INFRA_RGB000102
36.296154,36.296154,36.29551,126.285576,INFRA_RGB000102
36.2954,36.2954,36.294823,126.28552,INFRA_RGB000102
36.29681,36.29681,36.296288,126.2841,INFRA_RGB000102
36.304703,36.304703,36.304207,126.27186,INFRA_RGB000102
36.30979,36.30979,36.30918,126.266884,INFRA_RGB000102
36.299053,36.299053,36.29836,126.27915,INFRA_RGB000102
36.212017,36.212017,36.21148,127.12778,INFRA_RGB000102
36.224945,36.224945,36.224426,127.23846,INFRA_RGB000102
36.301125,36.301125,36.3006,127.23126,INFRA_RGB000102
36.212032,36.212032,36.211464,127.12778,INFRA_RGB000102
36.157272,36.157272,36.155552,125.44994,INFRA_RGB000102
36.170868,36.170868,36.169266,125.78562,INFRA_RGB000102
36.170147,36.170147,36.16855,125.78594,INFRA_RGB000102
36.170887,36.170887,36.169247,125.78559,INFRA_RGB000102
36.232464,36.232464,36.231277,125.8611,INFRA_RGB000102
36.169327,36.169327,36.167934,125.86212,INFRA_RGB000102
36.18796,36.18796,36.18667,125.85491,INFRA_RGB000102
36.188656,36.188656,36.18741,125.85489,INFRA_RGB000102
36.19091,36.19091,36.18947,125.847084,INFRA_RGB000102
36.23272,36.23272,36.229584,125.96077,INFRA_RGB000102
36.169403,36.169403,36.167854,125.861984,INFRA_RGB000102
36.232685,36.232685,36.22962,125.96031,INFRA_RGB000102
36.223663,36.223663,36.221394,126.00032,INFRA_RGB000102
36.150196,36.150196,36.148254,126.10612,INFRA_RGB000102
36.217854,36.217854,36.215706,126.11149,INFRA_RGB000102
36.22283,36.22283,36.220787,126.10503,INFRA_RGB000102
36.150135,36.150135,36.148315,126.10612,INFRA_RGB000102
36.217903,36.217903,36.215652,126.11155,INFRA_RGB000102
36.22286,36.22286,36.22076,126.10513,INFRA_RGB000102
36.1244,36.1244,36.122307,126.245636,INFRA_RGB000102
36.131596,36.131596,36.129486,126.368385,INFRA_RGB000102
36.154415,36.154415,36.15266,126.31598,INFRA_RGB000102
36.179604,36.179604,36.17778,126.3706,INFRA_RGB000102
36.136166,36.136166,36.13354,126.30119,INFRA_RGB000102
36.162148,36.162148,36.16074,126.41579,INFRA_RGB000102
36.139,36.139,36.13645,126.48606,INFRA_RGB000102
36.125786,36.125786,36.123795,126.57585,INFRA_RGB000102
36.12588,36.12588,36.123703,126.57583,INFRA_RGB000102
36.1251,36.1251,36.123047,125.81792,INFRA_RGB000102
36.04772,36.04772,36.04663,125.986,INFRA_RGB000102
36.047676,36.047676,36.046677,125.98528,INFRA_RGB000102
36.082153,36.082153,36.081192,126.03702,INFRA_RGB000102
36.119007,36.119007,36.117638,125.99467,INFRA_RGB000102
36.08718,36.08718,36.086224,126.02769,INFRA_RGB000102
36.089462,36.089462,36.088253,126.05218,INFRA_RGB000102
36.10666,36.10666,36.105553,125.998344,INFRA_RGB000102
36.077923,36.077923,36.076797,126.093834,INFRA_RGB000102
36.08221,36.08221,36.08113,126.03704,INFRA_RGB000102
36.08719,36.08719,36.086216,126.02769,INFRA_RGB000102
36.0578,36.0578,36.056675,126.05936,INFRA_RGB000102
36.082222,36.082222,36.079685,126.10425,INFRA_RGB000102
36.150204,36.150204,36.148247,126.10611,INFRA_RGB000102
36.089523,36.089523,36.088196,126.05219,INFRA_RGB000102
36.057137,36.057137,36.055904,126.07664,INFRA_RGB000102
36.05954,36.05954,36.05781,126.099075,INFRA_RGB000102
36.079666,36.079666,36.07793,126.07906,INFRA_RGB000102
36.08219,36.08219,36.079716,126.10424,INFRA_RGB000102
36.15017,36.15017,36.14828,126.1061,INFRA_RGB000102
36.059677,36.059677,36.057674,126.09868,INFRA_RGB000102
36.124256,36.124256,36.12245,126.245605,INFRA_RGB000102
36.13901,36.13901,36.136444,126.486084,INFRA_RGB000102
36.08132,36.08132,36.080585,126.550766,INFRA_RGB000102
36.125774,36.125774,36.12381,126.57579,INFRA_RGB000102
36.057827,36.057827,36.05665,126.57029,INFRA_RGB000102
36.057835,36.057835,36.05664,126.56958,INFRA_RGB000102
36.05855,36.05855,36.057365,126.57029,INFRA_RGB000102
36.081272,36.081272,36.080635,126.54719,INFRA_RGB000102
36.07484,36.07484,36.07413,126.55298,INFRA_RGB000102
36.05855,36.05855,36.05736,126.569565,INFRA_RGB000102
36.087685,36.087685,36.08716,126.55578,INFRA_RGB000102
36.081284,36.081284,36.080624,126.550095,INFRA_RGB000102
36.07631,36.07631,36.075535,126.58898,INFRA_RGB000102
36.07631,36.07631,36.075535,126.588974,INFRA_RGB000102
36.1258,36.1258,36.123783,126.57578,INFRA_RGB000102
36.01904,36.01904,36.017822,125.6429,INFRA_RGB000102
36.022537,36.022537,36.02151,125.781654,INFRA_RGB000102
35.991932,35.991932,35.99031,125.838524,INFRA_RGB000102
36.023273,36.023273,36.02221,126.12687,INFRA_RGB000102
36.05781,36.05781,36.056667,126.05936,INFRA_RGB000102
36.057156,36.057156,36.05588,126.076645,INFRA_RGB000102
36.059563,36.059563,36.05779,126.09909,INFRA_RGB000102
36.034935,36.034935,36.03211,126.11855,INFRA_RGB000102
36.023315,36.023315,36.02217,126.12688,INFRA_RGB000102
36.05971,36.05971,36.05764,126.09867,INFRA_RGB000102
35.993237,35.993237,35.990444,126.23686,INFRA_RGB000102
35.9839,35.9839,35.982536,126.23774,INFRA_RGB000102
35.995426,35.995426,35.99257,126.24097,INFRA_RGB000102
35.983658,35.983658,35.98134,126.24093,INFRA_RGB000102
35.986443,35.986443,35.984303,126.23368,INFRA_RGB000102
35.98891,35.98891,35.987587,126.24127,INFRA_RGB000102
35.99057,35.99057,35.987362,126.22933,INFRA_RGB000102
35.965878,35.965878,35.964622,126.37651,INFRA_RGB000102
35.99197,35.99197,35.990273,126.449425,INFRA_RGB000102
36.037285,36.037285,36.035507,126.51467,INFRA_RGB000102
35.991962,35.991962,35.99028,126.44942,INFRA_RGB000102
36.058548,36.058548,36.057365,126.57028,INFRA_RGB000102
36.037304,36.037304,36.035492,126.51467,INFRA_RGB000102
36.051075,36.051075,36.046154,127.87379,INFRA_RGB000102
36.03883,36.03883,36.033966,128.23448,INFRA_RGB000102
35.92545,35.92545,35.921688,125.75259,INFRA_RGB000102
35.991764,35.991764,35.99048,125.83873,INFRA_RGB000102
35.992504,35.992504,35.991177,125.8387,INFRA_RGB000102
35.935524,35.935524,35.931736,125.83017,INFRA_RGB000102
35.931774,35.931774,35.929737,125.92181,INFRA_RGB000102
35.986713,35.986713,35.98547,126.00567,INFRA_RGB000102
35.935688,35.935688,35.93445,126.10828,INFRA_RGB000102
35.9371,35.9371,35.93591,126.10827,INFRA_RGB000102
35.938965,35.938965,35.93692,126.19216,INFRA_RGB000102
35.93565,35.93565,35.934486,126.10827,INFRA_RGB000102
35.937073,35.937073,35.935936,126.108284,INFRA_RGB000102
35.88091,35.88091,35.879993,126.19456,INFRA_RGB000102
35.98645,35.98645,35.982857,126.24101,INFRA_RGB000102
35.945614,35.945614,35.944645,126.265526,INFRA_RGB000102
35.949963,35.949963,35.948917,126.2634,INFRA_RGB000102
35.983875,35.983875,35.98256,126.23774,INFRA_RGB000102
35.949924,35.949924,35.948956,126.26555,INFRA_RGB000102
35.947174,35.947174,35.945957,126.263504,INFRA_RGB000102
35.94928,35.94928,35.948162,126.2641,INFRA_RGB000102
35.949272,35.949272,35.948174,126.26338,INFRA_RGB000102
35.947105,35.947105,35.946026,126.26422,INFRA_RGB000102
35.93898,35.93898,35.936905,126.19213,INFRA_RGB000102
35.993103,35.993103,35.990578,126.23683,INFRA_RGB000102
35.88091,35.88091,35.879993,126.19455,INFRA_RGB000102
35.98367,35.98367,35.981327,126.24094,INFRA_RGB000102
35.986458,35.986458,35.984287,126.23374,INFRA_RGB000102
35.99526,35.99526,35.992737,126.24024,INFRA_RGB000102
35.99057,35.99057,35.987362,126.22935,INFRA_RGB000102
35.988914,35.988914,35.98758,126.241264,INFRA_RGB000102
35.945602,35.945602,35.944656,126.265526,INFRA_RGB000102
35.949924,35.949924,35.948956,126.26556,INFRA_RGB000102
35.949974,35.949974,35.948906,126.26341,INFRA_RGB000102
35.94716,35.94716,35.945972,126.26354,INFRA_RGB000102
35.949276,35.949276,35.94817,126.2634,INFRA_RGB000102
35.947124,35.947124,35.946007,126.26424,INFRA_RGB000102
35.92589,35.92589,35.924118,126.39016,INFRA_RGB000102
35.895245,35.895245,35.894398,126.44883,INFRA_RGB000102
35.991962,35.991962,35.990284,126.44871,INFRA_RGB000102
35.895267,35.895267,35.89438,126.44886,INFRA_RGB000102
35.99197,35.99197,35.990276,126.44944,INFRA_RGB000102
35.995117,35.995117,35.994316,126.5862,INFRA_RGB000102
35.993366,35.993366,35.991753,126.66031,INFRA_RGB000102
35.992344,35.992344,35.991337,126.66027,INFRA_RGB000102
35.995106,35.995106,35.994324,126.586205,INFRA_RGB000102
35.992348,35.992348,35.991337,126.66027,INFRA_RGB000102
35.99556,35.99556,35.99243,126.88334,INFRA_RGB000102
35.83843,35.83843,35.83623,125.76209,INFRA_RGB000102
35.80737,35.80737,35.80405,125.741135,INFRA_RGB000102
35.85125,35.85125,35.849285,125.99279,INFRA_RGB000102
35.889942,35.889942,35.888206,126.06786,INFRA_RGB000102
35.87223,35.87223,35.87142,126.20729,INFRA_RGB000102
35.825268,35.825268,35.82352,126.2067,INFRA_RGB000102
35.865715,35.865715,35.863567,126.16842,INFRA_RGB000102
35.872242,35.872242,35.87141,126.20733,INFRA_RGB000102
35.825264,35.825264,35.823524,126.20672,INFRA_RGB000102
35.8409,35.8409,35.839508,126.37186,INFRA_RGB000102
35.84926,35.84926,35.845524,126.36187,INFRA_RGB000102
35.895245,35.895245,35.8944,126.44883,INFRA_RGB000102
35.84923,35.84923,35.84555,126.361984,INFRA_RGB000102
35.895267,35.895267,35.89438,126.44886,INFRA_RGB000102
35.859253,35.859253,35.85853,126.57019,INFRA_RGB000102
35.86241,35.86241,35.86112,126.56312,INFRA_RGB000102
35.792603,35.792603,35.79007,125.786896,INFRA_RGB000102
35.779015,35.779015,35.777786,125.7651,INFRA_RGB000102
35.79122,35.79122,35.788574,125.786934,INFRA_RGB000102
35.837646,35.837646,35.837013,125.73205,INFRA_RGB000102
35.807343,35.807343,35.804077,125.74117,INFRA_RGB000102
35.756733,35.756733,35.754078,125.842545,INFRA_RGB000102
35.792637,35.792637,35.79004,125.78696,INFRA_RGB000102
35.791267,35.791267,35.788532,125.786896,INFRA_RGB000102
35.77449,35.77449,35.77369,126.169235,INFRA_RGB000102
35.82525,35.82525,35.823544,126.206696,INFRA_RGB000102
35.8253,35.8253,35.823494,126.20673,INFRA_RGB000102
35.733017,35.733017,35.728924,126.45042,INFRA_RGB000102
35.791935,35.791935,35.790737,126.475,INFRA_RGB000102
35.836926,35.836926,35.834858,127.75124,INFRA_RGB000102
35.836803,35.836803,35.834984,127.749855,INFRA_RGB000102
35.837673,35.837673,35.83699,127.76098,INFRA_RGB000102
35.717785,35.717785,35.71541,125.78898,INFRA_RGB000102
35.73361,35.73361,35.731205,125.76491,INFRA_RGB000102
35.732105,35.732105,35.72983,125.764885,INFRA_RGB000102
35.719357,35.719357,35.716713,125.789,INFRA_RGB000102
35.71777,35.71777,35.715424,125.78896,INFRA_RGB000102
35.75674,35.75674,35.75407,125.84254,INFRA_RGB000102
35.75802,35.75802,35.755665,125.84287,INFRA_RGB000102
35.719326,35.719326,35.716743,125.78898,INFRA_RGB000102
35.66622,35.66622,35.663486,126.12291,INFRA_RGB000102
35.687336,35.687336,35.685493,126.081696,INFRA_RGB000102
35.668495,35.668495,35.66696,126.08598,INFRA_RGB000102
35.664368,35.664368,35.662464,126.139565,INFRA_RGB000102
35.667694,35.667694,35.66489,126.121994,INFRA_RGB000102
35.666237,35.666237,35.66347,126.1222,INFRA_RGB000102
35.706036,35.706036,35.704163,126.22262,INFRA_RGB000102
35.66249,35.66249,35.661465,126.42589,INFRA_RGB000102
35.73296,35.73296,35.72898,126.450485,INFRA_RGB000102
35.66251,35.66251,35.661446,126.42589,INFRA_RGB000102
35.71266,35.71266,35.71191,126.52067,INFRA_RGB000102
35.719925,35.719925,35.719017,126.515785,INFRA_RGB000102
35.712654,35.712654,35.711914,126.520645,INFRA_RGB000102
35.719902,35.719902,35.71904,126.51577,INFRA_RGB000102
35.6662,35.6662,35.66351,126.12295,INFRA_RGB000102
35.66848,35.66848,35.66698,126.08599,INFRA_RGB000102
35.67028,35.67028,35.668053,126.12109,INFRA_RGB000102
35.664413,35.664413,35.662422,126.139465,INFRA_RGB000102
35.66617,35.66617,35.66354,126.122185,INFRA_RGB000102
35.662937,35.662937,35.661022,126.426094,INFRA_RGB000102
35.654503,35.654503,35.652206,126.40895,INFRA_RGB000102
35.67969,35.67969,35.678764,126.46493,INFRA_RGB000102
35.618694,35.618694,35.61615,126.14949,INFRA_RGB000102
