LatMin,LonMin,LatMax,LonMax,class
32.64896,121.1296,32.65148,121.134,WIND
32.64878,121.1349,32.6513,121.139,WIND
32.64824,121.1402,32.65112,121.1446,WIND
32.6486,121.1476,32.65094,121.1521,WIND
32.64842,121.1557,32.65094,121.1597,WIND
32.64842,121.1631,32.65094,121.167,WIND
32.66944,121.1374,32.67142,121.142,WIND
32.66962,121.1444,32.67196,121.1487,WIND
32.66909,121.1501,32.6716,121.1546,WIND
32.66891,121.1566,32.67178,121.1604,WIND
32.66909,121.1625,32.6716,121.1668,WIND
32.66927,121.169,32.67178,121.1731,WIND
32.684,121.1253,32.68633,121.1296,WIND
32.684,121.1388,32.68651,121.1438,WIND
32.68418,121.153,32.68651,121.1573,WIND
32.69909,121.1092,32.70106,121.1133,WIND
32.69891,121.1183,32.70125,121.1226,WIND
32.69909,121.1284,32.70106,121.1325,WIND
32.69891,121.1381,32.70088,121.1419,WIND
32.69873,121.1476,32.70106,121.1516,WIND
32.69837,121.1577,32.70071,121.1616,WIND
32.69873,121.1672,32.70088,121.1715,WIND
32.62794,121.1631,32.63046,121.1672,WIND
32.62615,121.1699,32.62902,121.174,WIND
32.64842,121.1708,32.6513,121.1746,WIND
32.62543,121.1764,32.6283,121.1801,WIND
32.62381,121.1834,32.62633,121.1877,WIND
32.62237,121.1904,32.62489,121.195,WIND
32.62094,121.1976,32.62363,121.2026,WIND
32.61968,121.2044,32.62273,121.2087,WIND
32.61842,121.2109,32.62094,121.2162,WIND
32.61734,121.2179,32.61986,121.2229,WIND
32.63962,121.1859,32.64214,121.1906,WIND
32.66909,121.1751,32.6716,121.1794,WIND
32.66891,121.181,32.67142,121.1853,WIND
32.66873,121.1875,32.6716,121.1922,WIND
32.66873,121.1938,32.67142,121.1981,WIND
32.66855,121.1997,32.6716,121.204,WIND
32.66801,121.2051,32.67178,121.2105,WIND
32.66783,121.2121,32.67124,121.2168,WIND
32.68364,121.1801,32.68615,121.185,WIND
32.69837,121.1764,32.70125,121.1814,WIND
32.69783,121.1859,32.70088,121.1906,WIND
32.69783,121.1954,32.70106,121.2001,WIND
32.69783,121.2051,32.70071,121.2101,WIND
32.68328,121.1938,32.68615,121.199,WIND
32.6831,121.2067,32.68669,121.2114,WIND
32.68328,121.2155,32.68615,121.2211,WIND
32.69783,121.215,32.70035,121.2193,WIND
32.69801,121.2211,32.70071,121.2258,WIND
32.69783,121.2276,32.70035,121.2322,WIND
32.63872,121.1947,32.6416,121.199,WIND
32.63944,121.2033,32.64196,121.2078,WIND
32.63854,121.215,32.64178,121.2191,WIND
32.6522,121.2132,32.65471,121.2179,WIND
32.65238,121.2238,32.65489,121.2286,WIND
32.6389,121.2272,32.64124,121.2315,WIND
32.62004,121.2245,32.62255,121.2286,WIND
32.62201,121.2308,32.62471,121.2355,WIND
32.62417,121.2362,32.62758,121.2416,WIND
32.62669,121.2436,32.62956,121.2473,WIND
32.62884,121.2491,32.63225,121.2534,WIND
32.63782,121.252,32.64124,121.256,WIND
32.63836,121.2597,32.64124,121.264,WIND
32.63836,121.2669,32.64124,121.2705,WIND
32.63746,121.2732,32.64124,121.278,WIND
32.63764,121.2804,32.64124,121.2845,WIND
32.63854,121.2383,32.6416,121.243,WIND
32.65184,121.2385,32.65489,121.2428,WIND
32.65184,121.2497,32.65525,121.2543,WIND
32.65148,121.2621,32.65489,121.2666,WIND
32.65112,121.2709,32.65435,121.2754,WIND
32.65148,121.2784,32.65435,121.2825,WIND
32.69783,121.2339,32.70053,121.2376,WIND
32.69783,121.2391,32.70017,121.2434,WIND
32.69765,121.2448,32.70035,121.2495,WIND
32.69172,121.2838,32.69496,121.2885,WIND
32.69154,121.2908,32.6946,121.2957,WIND
32.67968,121.2921,32.68256,121.2971,WIND
32.67861,121.3023,32.68202,121.3072,WIND
32.6919,121.2971,32.69442,121.3016,WIND
32.69208,121.3039,32.6946,121.3082,WIND
32.69172,121.3109,32.69406,121.3156,WIND
32.69136,121.3169,32.69406,121.3221,WIND
32.67951,121.3133,32.68292,121.3181,WIND
32.67968,121.3206,32.6822,121.3249,WIND
32.66711,121.3203,32.66962,121.3248,WIND
32.66693,121.3291,32.66944,121.3334,WIND
32.66657,121.3375,32.6698,121.3425,WIND
32.66639,121.3461,32.6698,121.3505,WIND
32.66873,121.3537,32.67214,121.3582,WIND
32.67968,121.3291,32.6822,121.333,WIND
32.69118,121.3244,32.69442,121.3285,WIND
32.69118,121.3314,32.6946,121.3357,WIND
32.69065,121.3384,32.69388,121.3425,WIND
32.69082,121.3463,32.69406,121.3505,WIND
32.67968,121.3425,32.68274,121.3469,WIND
32.69118,121.3546,32.69406,121.3591,WIND
32.67933,121.353,32.6822,121.3573,WIND
32.67897,121.3605,32.6822,121.3652,WIND
32.69047,121.363,32.6937,121.367,WIND
32.67951,121.3688,32.68202,121.3729,WIND
32.67951,121.3761,32.68202,121.3806,WIND
32.6804,121.3839,32.68328,121.388,WIND
32.691,121.3704,32.69388,121.3743,WIND
32.69118,121.3792,32.6937,121.3835,WIND
32.691,121.3873,32.69352,121.3916,WIND
32.69118,121.3954,32.6937,121.3993,WIND
32.70843,121.3442,32.71131,121.3487,WIND
32.70825,121.3176,32.71131,121.3219,WIND
32.71131,121.3231,32.71436,121.3278,WIND
32.71382,121.3285,32.71706,121.3334,WIND
32.71688,121.3343,32.72029,121.3384,WIND
32.71975,121.34,32.72263,121.344,WIND
32.72532,121.3512,32.72855,121.3549,WIND
32.72801,121.3558,32.73161,121.3605,WIND
32.73071,121.3614,32.73412,121.3661,WIND
32.7343,121.367,32.73718,121.3713,WIND
32.73682,121.3724,32.73969,121.3765,WIND
32.71184,121.3506,32.71454,121.3553,WIND
32.71526,121.3564,32.71813,121.362,WIND
32.71939,121.3639,32.72227,121.369,WIND
32.72352,121.3722,32.72586,121.3772,WIND
32.72748,121.3806,32.73035,121.3857,WIND
32.70879,121.3756,32.71131,121.3799,WIND
32.69065,121.4044,32.69388,121.4083,WIND
32.69011,121.4108,32.6928,121.4148,WIND
32.71795,121.3938,32.72083,121.3979,WIND
32.72065,121.3995,32.72388,121.4038,WIND
32.72406,121.4053,32.72712,121.4097,WIND
32.72676,121.411,32.72963,121.4157,WIND
32.72945,121.4162,32.73269,121.4211,WIND
32.73951,121.3787,32.74239,121.3826,WIND
32.74257,121.3832,32.7449,121.3878,WIND
32.7449,121.3884,32.74832,121.393,WIND
32.74832,121.3947,32.75083,121.3988,WIND
32.75119,121.3995,32.75407,121.4042,WIND
32.75371,121.4056,32.75658,121.4099,WIND
32.75622,121.4105,32.75928,121.4151,WIND
32.7591,121.416,32.76233,121.4211,WIND
32.75982,121.4435,32.76269,121.4482,WIND
32.75964,121.452,32.76233,121.4561,WIND
32.75964,121.4588,32.76233,121.4633,WIND
32.76,121.4669,32.76233,121.4708,WIND
32.76,121.4737,32.76287,121.4782,WIND
32.76,121.4816,32.76323,121.4856,WIND
32.75982,121.4888,32.76287,121.4926,WIND
32.76053,121.4965,32.76305,121.4998,WIND
32.75982,121.5037,32.76269,121.5078,WIND
32.74508,121.4451,32.74778,121.4487,WIND
32.74562,121.4521,32.74832,121.4556,WIND
32.74562,121.4599,32.74814,121.464,WIND
32.74562,121.4685,32.74814,121.4728,WIND
32.73125,121.4457,32.73376,121.4503,WIND
32.73071,121.4527,32.73358,121.4568,WIND
32.73107,121.4606,32.73376,121.4649,WIND
32.71059,121.4471,32.7131,121.4514,WIND
32.69586,121.4482,32.69837,121.4523,WIND
32.69514,121.4557,32.69783,121.46,WIND
32.71095,121.4561,32.71346,121.4609,WIND
32.6955,121.4629,32.69855,121.4678,WIND
32.69568,121.4705,32.69837,121.4753,WIND
32.69532,121.4777,32.69873,121.4827,WIND
32.69586,121.4857,32.69855,121.4893,WIND
32.69586,121.4927,32.69873,121.4971,WIND
32.71131,121.4649,32.71382,121.4694,WIND
32.71059,121.4753,32.71364,121.4795,WIND
32.73107,121.4694,32.73358,121.4728,WIND
32.74526,121.4777,32.74832,121.4812,WIND
32.73089,121.4771,32.73376,121.4818,WIND
32.73089,121.4856,32.73376,121.4899,WIND
32.7458,121.4868,32.74832,121.4911,WIND
32.73089,121.4942,32.73376,121.4981,WIND
32.71113,121.4843,32.714,121.4883,WIND
32.71113,121.4931,32.71382,121.4976,WIND
32.71113,121.5023,32.71382,121.5066,WIND
32.69837,121.4998,32.70142,121.5041,WIND
32.70088,121.5071,32.70376,121.5114,WIND
32.71113,121.5116,32.71436,121.5157,WIND
32.71113,121.521,32.714,121.5253,WIND
32.71184,121.531,32.71436,121.5351,WIND
32.71131,121.54,32.71418,121.5443,WIND
32.73125,121.5021,32.73376,121.5068,WIND
32.74562,121.4962,32.7485,121.4999,WIND
32.76017,121.5122,32.76287,121.5156,WIND
32.76017,121.519,32.76305,121.5226,WIND
32.74544,121.5048,32.74832,121.5086,WIND
32.73143,121.5109,32.73376,121.5147,WIND
32.73143,121.5192,32.73376,121.5228,WIND
32.7458,121.5141,32.74868,121.5177,WIND
32.75982,121.5265,32.76323,121.5301,WIND
32.76,121.5344,32.76287,121.5377,WIND
32.7458,121.5231,32.74921,121.5269,WIND
32.73143,121.5276,32.73394,121.5321,WIND
32.73107,121.5353,32.7343,121.5398,WIND
32.74562,121.5325,32.7485,121.5371,WIND
32.74526,121.5411,32.74903,121.5454,WIND
32.76035,121.5416,32.76359,121.5457,WIND
32.76017,121.5486,32.76359,121.5529,WIND
32.76017,121.5567,32.76377,121.5608,WIND
32.76035,121.5639,32.76377,121.5677,WIND
32.76089,121.5714,32.76377,121.5752,WIND
32.76053,121.5792,32.76359,121.5829,WIND
32.76089,121.5864,32.76395,121.5905,WIND
32.74634,121.5502,32.74921,121.5546,WIND
32.73143,121.5425,32.73448,121.547,WIND
32.73107,121.5508,32.73448,121.5553,WIND
32.73179,121.5585,32.73448,121.5626,WIND
32.73179,121.5661,32.73466,121.5702,WIND
32.74616,121.5578,32.74903,121.5623,WIND
32.74616,121.5644,32.74939,121.5698,WIND
32.74616,121.5727,32.74903,121.5768,WIND
32.73179,121.5725,32.73466,121.5772,WIND
32.73197,121.5802,32.73466,121.5842,WIND
32.73161,121.5874,32.73484,121.5916,WIND
32.74562,121.5795,32.74957,121.5838,WIND
32.7467,121.5867,32.75011,121.5914,WIND
32.76071,121.5934,32.76395,121.5977,WIND
32.74688,121.5941,32.74957,121.5975,WIND
32.73179,121.5937,32.73502,121.598,WIND
32.6928,121.6424,32.69568,121.6467,WIND
32.69082,121.6383,32.6937,121.6419,WIND
32.68939,121.6338,32.69226,121.6374,WIND
32.68813,121.6289,32.69136,121.6327,WIND
32.68651,121.6243,32.69011,121.6284,WIND
32.68507,121.6198,32.68831,121.6234,WIND
32.684,121.6151,32.68687,121.6189,WIND
32.68256,121.6104,32.68543,121.6138,WIND
32.68076,121.6059,32.68382,121.6095,WIND
32.67897,121.6013,32.6822,121.6054,WIND
32.67753,121.5971,32.68076,121.6002,WIND
32.67609,121.5921,32.67951,121.5959,WIND
32.67483,121.5876,32.67807,121.5908,WIND
32.67304,121.5828,32.67681,121.5865,WIND
32.67178,121.5786,32.67555,121.582,WIND
32.6707,121.5741,32.67412,121.5774,WIND
32.66909,121.5696,32.6725,121.5731,WIND
32.66765,121.565,32.67106,121.5684,WIND
32.66657,121.5601,32.6698,121.5637,WIND
32.66495,121.5562,32.66765,121.5592,WIND
32.66334,121.5508,32.66675,121.5544,WIND
32.6619,121.5465,32.66531,121.5499,WIND
32.66046,121.542,32.66387,121.5452,WIND
32.6592,121.5375,32.66208,121.5409,WIND
32.65723,121.5332,32.66064,121.5366,WIND
32.67789,121.6534,32.68112,121.6559,WIND
32.67681,121.6464,32.68022,121.6501,WIND
32.67483,121.6408,32.67825,121.6446,WIND
32.67322,121.635,32.67627,121.6386,WIND
32.67178,121.6293,32.67466,121.6327,WIND
32.67016,121.623,32.6734,121.627,WIND
32.66855,121.6171,32.67106,121.6208,WIND
32.66621,121.6117,32.66962,121.6151,WIND
32.66459,121.6058,32.66783,121.6095,WIND
32.66244,121.5998,32.66621,121.6038,WIND
32.66154,121.5943,32.66423,121.5977,WIND
32.65956,121.5878,32.66244,121.5916,WIND
32.65795,121.5824,32.66082,121.5858,WIND
32.65633,121.5765,32.65956,121.5802,WIND
32.65507,121.5707,32.65777,121.5741,WIND
32.65345,121.565,32.65615,121.5687,WIND
32.65166,121.5583,32.65399,121.5628,WIND
32.64986,121.5531,32.6522,121.5569,WIND
32.64824,121.547,32.65076,121.5508,WIND
32.64609,121.5409,32.64896,121.5454,WIND
32.64483,121.5355,32.64735,121.5396,WIND
32.63549,121.542,32.63836,121.5465,WIND
32.63531,121.5472,32.638,121.5513,WIND
32.63513,121.5522,32.638,121.556,WIND
32.63495,121.5565,32.638,121.5603,WIND
32.63513,121.5608,32.63836,121.565,WIND
32.63549,121.5653,32.638,121.5693,WIND
32.63513,121.5698,32.63836,121.5741,WIND
32.63495,121.5745,32.63836,121.5784,WIND
32.63459,121.579,32.63782,121.5829,WIND
32.63477,121.5835,32.638,121.5876,WIND
32.63459,121.5883,32.638,121.5925,WIND
32.63477,121.593,32.638,121.5964,WIND
32.63459,121.5971,32.63764,121.6013,WIND
32.63423,121.6018,32.63764,121.6056,WIND
32.63459,121.6063,32.638,121.6101,WIND
32.64519,121.6014,32.64807,121.6058,WIND
32.64717,121.6077,32.6504,121.6124,WIND
32.64896,121.6144,32.6522,121.6185,WIND
32.65076,121.6207,32.65417,121.625,WIND
32.65274,121.6268,32.65597,121.6309,WIND
32.65489,121.6329,32.65777,121.6367,WIND
32.65633,121.6381,32.65956,121.6422,WIND
32.6583,121.6429,32.66154,121.6471,WIND
32.65938,121.6485,32.6628,121.6523,WIND
32.66136,121.6532,32.66441,121.657,WIND
32.66298,121.6582,32.66603,121.6616,WIND
32.66405,121.6625,32.66747,121.6659,WIND
32.64375,121.653,32.64717,121.6566,WIND
32.64537,121.6579,32.6486,121.662,WIND
32.64645,121.6632,32.64986,121.6668,WIND
32.64753,121.6679,32.6513,121.6721,WIND
32.6495,121.6724,32.65328,121.6762,WIND
32.63441,121.6108,32.638,121.6155,WIND
32.63369,121.6156,32.63764,121.6199,WIND
32.63387,121.6203,32.63764,121.6243,WIND
32.63369,121.6248,32.63746,121.6289,WIND
32.63369,121.6295,32.63764,121.6332,WIND
32.63333,121.634,32.63728,121.6381,WIND
32.63315,121.6386,32.6371,121.6426,WIND
32.63279,121.6428,32.63746,121.6474,WIND
32.63297,121.6476,32.6371,121.6514,WIND
32.63279,121.6521,32.6371,121.6564,WIND
32.63243,121.6571,32.6371,121.6609,WIND
32.63225,121.6615,32.63728,121.6656,WIND
32.63225,121.6661,32.6371,121.6697,WIND
32.63279,121.6701,32.6371,121.6744,WIND
32.63243,121.6753,32.63675,121.6785,WIND
32.63297,121.6792,32.63639,121.6825,WIND
32.63261,121.6839,32.63675,121.688,WIND
32.65597,121.5276,32.65974,121.5319,WIND
32.65453,121.5235,32.65795,121.5269,WIND
32.65292,121.519,32.65633,121.5224,WIND
32.6513,121.5141,32.65507,121.5177,WIND
32.64321,121.5294,32.64609,121.5341,WIND
32.63297,121.7265,32.63639,121.7303,WIND
32.63243,121.7313,32.63585,121.7346,WIND
32.63243,121.7357,32.63567,121.7389,WIND
32.6319,121.7398,32.63567,121.7432,WIND
32.63136,121.7439,32.63567,121.7475,WIND
32.63118,121.7482,32.63531,121.752,WIND
32.63082,121.7529,32.63549,121.7563,WIND
32.63118,121.7565,32.63549,121.7608,WIND
32.63082,121.7613,32.63495,121.7651,WIND
32.6301,121.7655,32.63513,121.7692,WIND
32.63028,121.7698,32.63513,121.7739,WIND
32.6301,121.7743,32.63477,121.7777,WIND
32.6301,121.7781,32.63477,121.7824,WIND
32.63028,121.7827,32.63441,121.7856,WIND
32.63064,121.7861,32.63441,121.7903,WIND
32.6301,121.7908,32.63441,121.7949,WIND
32.62974,121.7957,32.63387,121.7989,WIND
32.62974,121.7996,32.63441,121.8037,WIND
32.62956,121.8041,32.63387,121.8084,WIND
32.62902,121.8091,32.63459,121.8127,WIND
32.62902,121.8129,32.63315,121.8163,WIND
32.6292,121.8169,32.63279,121.821,WIND
32.6292,121.8214,32.63297,121.8251,WIND
32.62884,121.8253,32.63315,121.8291,WIND
32.62902,121.8296,32.63279,121.8328,WIND
32.62848,121.8336,32.63279,121.8368,WIND
32.62866,121.8373,32.63208,121.8417,WIND
32.64321,121.7207,32.64681,121.7245,WIND
32.64429,121.7245,32.64878,121.7285,WIND
32.64591,121.7295,32.64968,121.7328,WIND
32.64753,121.7333,32.6513,121.7362,WIND
32.64789,121.7373,32.65256,121.7405,WIND
32.64771,121.7425,32.65184,121.7455,WIND
32.64753,121.7477,32.65166,121.7506,WIND
32.64753,121.7531,32.65166,121.756,WIND
32.64753,121.7578,32.65166,121.7613,WIND
32.64735,121.7631,32.65184,121.7664,WIND
32.64681,121.7689,32.65094,121.7721,WIND
32.64609,121.7732,32.6513,121.7779,WIND
32.64627,121.7793,32.65094,121.7831,WIND
32.64573,121.7854,32.65076,121.7894,WIND
32.64609,121.7912,32.6504,121.7946,WIND
32.64609,121.7967,32.6504,121.8003,WIND
32.64591,121.8021,32.65058,121.8059,WIND
32.64591,121.8075,32.65004,121.8118,WIND
32.64519,121.8133,32.64932,121.817,WIND
32.64501,121.819,32.6495,121.8231,WIND
32.64447,121.8239,32.64932,121.8284,WIND
32.64429,121.8307,32.6486,121.8348,WIND
32.64465,121.8357,32.64842,121.8397,WIND
32.64429,121.8417,32.64824,121.846,WIND
32.66334,121.7815,32.66693,121.7852,WIND
32.66298,121.786,32.66675,121.7903,WIND
32.66316,121.791,32.66657,121.7953,WIND
32.66226,121.796,32.66639,121.8007,WIND
32.66208,121.8016,32.66639,121.805,WIND
32.66208,121.8057,32.66621,121.8111,WIND
32.6619,121.8115,32.66603,121.8161,WIND
32.66136,121.8169,32.66585,121.8212,WIND
32.6619,121.8219,32.66567,121.826,WIND
32.66154,121.8266,32.66567,121.8318,WIND
32.661,121.8323,32.66531,121.8366,WIND
32.661,121.8373,32.66531,121.8411,WIND
32.66064,121.8422,32.66477,121.847,WIND
32.66046,121.8479,32.66459,121.8523,WIND
32.66064,121.8532,32.66423,121.8573,WIND
32.66064,121.858,32.66405,121.8618,WIND
32.67753,121.8269,32.68148,121.8311,WIND
32.67753,121.8316,32.68148,121.8357,WIND
32.67771,121.8361,32.68112,121.8393,WIND
32.67663,121.8404,32.6813,121.8449,WIND
32.67699,121.8452,32.68112,121.849,WIND
32.67681,121.8492,32.6813,121.8532,WIND
32.67627,121.8537,32.68076,121.8569,WIND
32.67627,121.8576,32.68058,121.8616,WIND
32.67591,121.862,32.68094,121.8664,WIND
32.66028,121.863,32.66369,121.8664,WIND
32.64465,121.8483,32.64824,121.8514,WIND
32.62848,121.8429,32.6319,121.8461,WIND
32.62812,121.8469,32.63154,121.8503,WIND
32.62812,121.8514,32.63154,121.8551,WIND
32.62776,121.8562,32.63136,121.8589,WIND
32.62776,121.8598,32.63136,121.8634,WIND
32.64447,121.8532,32.64824,121.8566,WIND
32.64411,121.858,32.6486,121.8612,WIND
32.64303,121.8632,32.64807,121.8664,WIND
32.64321,121.8684,32.64771,121.8717,WIND
32.62722,121.8643,32.63136,121.8675,WIND
32.62669,121.8681,32.63136,121.8715,WIND
32.65902,121.8677,32.66405,121.8717,WIND
32.65974,121.8736,32.66369,121.8767,WIND
32.64357,121.8735,32.64699,121.8765,WIND
32.64375,121.8787,32.64717,121.8815,WIND
32.64303,121.8833,32.64645,121.8871,WIND
32.62722,121.8726,32.63064,121.876,WIND
32.62686,121.8765,32.63064,121.8803,WIND
32.62651,121.8805,32.63064,121.8842,WIND
32.62651,121.8851,32.6301,121.8882,WIND
32.62651,121.8891,32.63064,121.893,WIND
32.62543,121.8941,32.6301,121.8991,WIND
32.71544,121.688,32.71957,121.6918,WIND
32.70466,121.6949,32.70789,121.6985,WIND
32.71741,121.6933,32.72083,121.6968,WIND
32.71867,121.6981,32.72245,121.7019,WIND
32.72047,121.7026,32.72442,121.7064,WIND
32.72137,121.7078,32.7255,121.7116,WIND
32.72352,121.7123,32.72748,121.7164,WIND
32.7246,121.7175,32.72873,121.7218,WIND
32.72568,121.722,32.73035,121.7267,WIND
32.72873,121.7276,32.73233,121.7317,WIND
32.70699,121.703,32.70987,121.7064,WIND
32.70897,121.7101,32.71238,121.7137,WIND
32.71238,121.7179,32.71562,121.7215,WIND
32.7149,121.7258,32.71741,121.7294,WIND
32.69118,121.7026,32.69532,121.7064,WIND
32.69424,121.7105,32.69783,121.7143,WIND
32.69675,121.7191,32.70017,121.7225,WIND
32.68058,121.7091,32.68346,121.7128,WIND
32.6813,121.7139,32.68525,121.718,WIND
32.6831,121.7191,32.68723,121.7229,WIND
32.68472,121.7242,32.68885,121.7274,WIND
32.68687,121.7292,32.691,121.7321,WIND
32.69981,121.7276,32.70286,121.7317,WIND
32.68885,121.7333,32.69226,121.7365,WIND
32.68957,121.7373,32.6937,121.7419,WIND
32.6919,121.7428,32.6955,121.7463,WIND
32.70232,121.7351,32.7061,121.7387,WIND
32.71759,121.7335,32.72047,121.7367,WIND
32.70484,121.743,32.70843,121.747,WIND
32.6937,121.748,32.69747,121.7515,WIND
32.69514,121.7524,32.69927,121.756,WIND
32.70789,121.7518,32.71167,121.7551,WIND
32.69639,121.7572,32.70053,121.7612,WIND
32.69837,121.7621,32.7025,121.7662,WIND
32.70017,121.7667,32.70376,121.7709,WIND
32.70125,121.7716,32.70592,121.775,WIND
32.70394,121.7764,32.70771,121.7806,WIND
32.70466,121.7818,32.70897,121.7851,WIND
32.71095,121.7594,32.714,121.7635,WIND
32.71975,121.7405,32.72316,121.7455,WIND
32.72945,121.7324,32.73376,121.7362,WIND
32.73125,121.7373,32.73538,121.7412,WIND
32.73304,121.7421,32.73664,121.7455,WIND
32.73484,121.7468,32.73844,121.7502,WIND
32.73646,121.7525,32.73951,121.7558,WIND
32.72245,121.7486,32.72568,121.7522,WIND
32.72478,121.7563,32.72801,121.7601,WIND
32.73808,121.7569,32.74131,121.761,WIND
32.73969,121.7617,32.74329,121.766,WIND
32.74059,121.7671,32.74472,121.7709,WIND
32.72712,121.7637,32.73089,121.7675,WIND
32.714,121.768,32.71688,121.7709,WIND
32.71634,121.7761,32.71975,121.7802,WIND
32.72963,121.7712,32.73322,121.7759,WIND
32.74275,121.7721,32.7467,121.7754,WIND
32.74418,121.7766,32.74814,121.78,WIND
32.73215,121.7788,32.73628,121.7827,WIND
32.71975,121.7842,32.72263,121.7883,WIND
32.70645,121.7863,32.71077,121.7896,WIND
32.70879,121.791,32.71292,121.7944,WIND
32.71023,121.7957,32.714,121.7991,WIND
32.71149,121.8005,32.71562,121.8037,WIND
32.71274,121.8045,32.7167,121.8088,WIND
32.71472,121.8102,32.71867,121.814,WIND
32.71634,121.8152,32.72137,121.8192,WIND
32.72191,121.7928,32.72622,121.7969,WIND
32.72478,121.8003,32.72819,121.8045,WIND
32.72765,121.8086,32.73107,121.8129,WIND
32.73448,121.7865,32.73808,121.7908,WIND
32.73736,121.794,32.74167,121.7984,WIND
32.73987,121.8021,32.74311,121.8057,WIND
32.74562,121.7815,32.74903,121.7849,WIND
32.74742,121.7867,32.75083,121.7903,WIND
32.74868,121.7919,32.75245,121.7951,WIND
32.75083,121.796,32.75424,121.7993,WIND
32.76251,121.8388,32.76574,121.8422,WIND
32.76431,121.844,32.76718,121.8474,WIND
32.76539,121.8492,32.76826,121.8523,WIND
32.76646,121.8542,32.77023,121.858,WIND
32.76826,121.8594,32.77167,121.8623,WIND
32.76952,121.8638,32.77329,121.867,WIND
32.7706,121.8686,32.77473,121.8718,WIND
32.77257,121.874,32.77634,121.8772,WIND
32.77401,121.8785,32.77832,121.8824,WIND
32.77545,121.8842,32.77958,121.8878,WIND
32.7767,121.8894,32.78084,121.8925,WIND
32.77868,121.8952,32.78263,121.8993,WIND
32.78048,121.9009,32.78407,121.9051,WIND
32.78191,121.9062,32.78533,121.9108,WIND
32.78371,121.9114,32.78784,121.9162,WIND
32.78479,121.9171,32.78928,121.9218,WIND
32.78641,121.9227,32.79054,121.927,WIND
32.78784,121.9283,32.79198,121.9326,WIND
32.79,121.9335,32.79431,121.9385,WIND
32.79144,121.9396,32.79593,121.9437,WIND
32.79341,121.9451,32.79754,121.9487,WIND
32.79539,121.9505,32.79844,121.9543,WIND
32.74993,121.8422,32.75407,121.8472,WIND
32.73969,121.8483,32.74293,121.8517,WIND
32.75389,121.8542,32.75784,121.8582,WIND
32.74293,121.8585,32.74598,121.8618,WIND
32.7564,121.865,32.76035,121.869,WIND
32.75982,121.8756,32.76323,121.8794,WIND
32.76305,121.8871,32.76772,121.8912,WIND
32.74544,121.869,32.74921,121.8733,WIND
32.74903,121.8792,32.75263,121.8839,WIND
32.75227,121.8916,32.75712,121.8968,WIND
32.76808,121.9006,32.77167,121.9058,WIND
32.75604,121.9047,32.76017,121.9101,WIND
32.77095,121.9144,32.77562,121.9193,WIND
32.75982,121.9184,32.76449,121.9234,WIND
32.77562,121.9279,32.77958,121.9326,WIND
32.76467,121.9326,32.76772,121.9372,WIND
32.77958,121.9414,32.78281,121.9464,WIND
32.78389,121.955,32.78784,121.9597,WIND
32.76826,121.9459,32.77239,121.9514,WIND
32.77239,121.9595,32.77527,121.9633,WIND
32.72801,121.8526,32.73143,121.8564,WIND
32.72909,121.8573,32.73287,121.8611,WIND
32.73053,121.8618,32.73448,121.865,WIND
32.73161,121.8657,32.7352,121.8697,WIND
32.73287,121.8704,32.73664,121.8738,WIND
32.7343,121.8745,32.73844,121.8783,WIND
32.73538,121.8792,32.73951,121.8826,WIND
32.73682,121.8835,32.74113,121.8869,WIND
32.73772,121.8878,32.74185,121.8916,WIND
32.73969,121.8929,32.74293,121.8961,WIND
32.74131,121.8982,32.74562,121.9018,WIND
32.74293,121.9031,32.74706,121.9074,WIND
32.7449,121.9088,32.74832,121.913,WIND
32.7458,121.9151,32.74957,121.9187,WIND
32.74814,121.9198,32.75173,121.9241,WIND
32.74921,121.9259,32.75299,121.9295,WIND
32.75083,121.9308,32.75478,121.9349,WIND
32.75227,121.9365,32.75622,121.9412,WIND
32.75424,121.9419,32.75766,121.9468,WIND
32.75586,121.9475,32.75964,121.9521,WIND
32.75802,121.9534,32.76143,121.9574,WIND
32.7591,121.9592,32.76287,121.9633,WIND
32.76035,121.964,32.76449,121.9694,WIND
32.84228,121.4419,32.84569,121.4457,WIND
32.84228,121.4477,32.84551,121.4511,WIND
32.84246,121.453,32.84551,121.4572,WIND
32.84246,121.4588,32.84551,121.4629,WIND
32.84264,121.4649,32.84551,121.469,WIND
32.84264,121.4706,32.84569,121.4748,WIND
32.84246,121.4764,32.84587,121.4805,WIND
32.84246,121.4823,32.84551,121.4865,WIND
32.8421,121.4884,32.84515,121.4926,WIND
32.84246,121.4944,32.84551,121.4987,WIND
32.84192,121.5001,32.84551,121.5044,WIND
32.84228,121.506,32.84551,121.51,WIND
32.8421,121.5123,32.84551,121.5159,WIND
32.84228,121.5179,32.84569,121.522,WIND
32.84246,121.5238,32.84551,121.5276,WIND
32.84228,121.5294,32.84569,121.533,WIND
32.83078,121.4417,32.83384,121.4455,WIND
32.83078,121.4478,32.83384,121.4521,WIND
32.83096,121.4543,32.8342,121.4584,WIND
32.8306,121.4606,32.83384,121.4653,WIND
32.83078,121.4678,32.83384,121.4719,WIND
32.83078,121.4744,32.8342,121.4787,WIND
32.83078,121.4811,32.83384,121.4848,WIND
32.8306,121.4874,32.83402,121.492,WIND
32.83042,121.4944,32.83384,121.4987,WIND
32.83024,121.5005,32.83366,121.5053,WIND
32.82988,121.5068,32.83402,121.5118,WIND
32.83024,121.5136,32.83384,121.5177,WIND
32.81695,121.4424,32.82054,121.4462,WIND
32.81677,121.4482,32.8209,121.4529,WIND
32.81713,121.4545,32.82072,121.4588,WIND
32.81677,121.4618,32.8209,121.4671,WIND
32.81677,121.4696,32.82054,121.4742,WIND
32.81677,121.4769,32.82054,121.4814,WIND
32.81713,121.4841,32.82054,121.4888,WIND
32.81695,121.4913,32.82054,121.4958,WIND
32.81677,121.4978,32.82018,121.5021,WIND
32.80419,121.441,32.80797,121.4457,WIND
32.80419,121.4477,32.80779,121.4525,WIND
32.80419,121.4545,32.80797,121.4593,WIND
32.80347,121.4624,32.80743,121.4672,WIND
32.80401,121.4692,32.80779,121.4742,WIND
32.80437,121.476,32.80761,121.4814,WIND
32.80419,121.483,32.80779,121.4877,WIND
32.79251,121.4412,32.79629,121.446,WIND
32.79287,121.4469,32.79629,121.4518,WIND
32.79269,121.4529,32.79611,121.4577,WIND
32.79269,121.4593,32.79611,121.4644,WIND
32.79251,121.4653,32.79629,121.4706,WIND
32.79251,121.4714,32.79647,121.476,WIND
32.79233,121.5017,32.79575,121.5068,WIND
32.79233,121.5073,32.79575,121.5123,WIND
32.79251,121.513,32.79593,121.5183,WIND
32.80401,121.517,32.80814,121.5217,WIND
32.80383,121.5229,32.80779,121.5283,WIND
32.80419,121.5307,32.80797,121.535,WIND
32.79233,121.5254,32.79611,121.5301,WIND
32.79233,121.5375,32.79575,121.542,WIND
32.79233,121.5438,32.79575,121.5483,WIND
32.79233,121.5493,32.79593,121.554,WIND
32.79233,121.5556,32.79575,121.5601,WIND
32.79198,121.5614,32.79575,121.5664,WIND
32.79215,121.568,32.79575,121.5722,WIND
32.79215,121.5738,32.79539,121.5788,WIND
32.79215,121.5793,32.79557,121.5847,WIND
32.79233,121.5858,32.79557,121.5908,WIND
32.79215,121.5917,32.79557,121.5964,WIND
32.81677,121.5335,32.82018,121.5386,WIND
32.81659,121.5396,32.82018,121.5443,WIND
32.81659,121.5452,32.82018,121.5506,WIND
32.80419,121.5546,32.80743,121.5599,WIND
32.80401,121.5784,32.80743,121.5837,WIND
32.80365,121.5847,32.80743,121.5905,WIND
32.80401,121.5916,32.80743,121.597,WIND
32.81641,121.5583,32.82018,121.5634,WIND
32.81677,121.5722,32.82018,121.577,WIND
32.81641,121.5849,32.82,121.5907,WIND
32.81641,121.5914,32.82018,121.5977,WIND
32.83024,121.5511,32.83384,121.5563,WIND
32.83024,121.5571,32.83384,121.5617,WIND
32.83006,121.5623,32.83384,121.5673,WIND
32.83006,121.568,32.83402,121.5732,WIND
32.83024,121.5801,32.83348,121.5847,WIND
32.83024,121.5855,32.83366,121.5907,WIND
32.83024,121.5914,32.83366,121.5966,WIND
32.84174,121.5664,32.84587,121.5716,WIND
32.84156,121.5725,32.84587,121.5781,WIND
32.84174,121.5792,32.84587,121.5846,WIND
32.8412,121.5856,32.84587,121.5907,WIND
32.84138,121.5916,32.84587,121.5962,WIND
32.85126,121.6257,32.85594,121.6311,WIND
32.85126,121.6318,32.85629,121.637,WIND
32.85126,121.6377,32.85629,121.6429,WIND
32.85144,121.6438,32.85594,121.6496,WIND
32.85162,121.6505,32.85594,121.6557,WIND
32.8518,121.6564,32.85594,121.6618,WIND
32.8518,121.6625,32.85611,121.6683,WIND
32.85234,121.6692,32.85594,121.6746,WIND
32.85198,121.6753,32.85611,121.6807,WIND
32.8518,121.6812,32.85611,121.687,WIND
32.85162,121.6877,32.85594,121.6934,WIND
32.85198,121.6943,32.85611,121.6999,WIND
32.8518,121.7004,32.85611,121.7062,WIND
32.85144,121.7067,32.85611,121.7116,WIND
32.8518,121.7125,32.85594,121.7191,WIND
32.83581,121.6257,32.83995,121.6307,WIND
32.83581,121.6314,32.84012,121.6372,WIND
32.83599,121.6377,32.8403,121.6433,WIND
32.83599,121.644,32.84048,121.6503,WIND
32.83635,121.6512,32.84084,121.657,WIND
32.83653,121.6577,32.84138,121.6629,WIND
32.83671,121.6641,32.84138,121.6697,WIND
32.83707,121.6712,32.84174,121.6767,WIND
32.83743,121.6783,32.84156,121.6837,WIND
32.83725,121.6843,32.84156,121.6898,WIND
32.83743,121.6915,32.8421,121.6965,WIND
32.83725,121.6974,32.84264,121.7026,WIND
32.83761,121.7049,32.84228,121.7107,WIND
32.83797,121.7139,32.84264,121.7195,WIND
32.81964,121.6255,32.82467,121.6305,WIND
32.81964,121.6327,32.82503,121.6385,WIND
32.82054,121.6413,32.82539,121.6474,WIND
32.82108,121.65,32.82593,121.6559,WIND
32.82198,121.6598,32.82665,121.6659,WIND
32.8227,121.6695,32.82683,121.6758,WIND
32.82306,121.6796,32.82755,121.685,WIND
32.82359,121.6891,32.82809,121.6949,WIND
32.82377,121.6979,32.82845,121.703,WIND
32.82413,121.706,32.82899,121.7116,WIND
32.82467,121.7136,32.82935,121.7182,WIND
32.80401,121.6253,32.8085,121.6302,WIND
32.80473,121.6318,32.8094,121.637,WIND
32.80527,121.639,32.80994,121.6446,WIND
32.80599,121.6465,32.81084,121.6516,WIND
32.80635,121.6543,32.81102,121.6597,WIND
32.80671,121.6622,32.81174,121.6679,WIND
32.80761,121.6699,32.81246,121.6755,WIND
32.80832,121.678,32.81318,121.6832,WIND
32.80886,121.6857,32.81371,121.6915,WIND
32.80976,121.6936,32.81443,121.699,WIND
32.81012,121.6999,32.81461,121.7055,WIND
32.81048,121.7071,32.81533,121.7121,WIND
32.81084,121.7136,32.81569,121.7182,WIND
32.78838,121.6257,32.79251,121.6302,WIND
32.7891,121.6307,32.79341,121.6352,WIND
32.78964,121.6361,32.79431,121.6415,WIND
32.79018,121.6422,32.79539,121.6469,WIND
32.7909,121.648,32.79593,121.6523,WIND
32.79144,121.653,32.79647,121.658,WIND
32.79269,121.6588,32.79683,121.6632,WIND
32.79323,121.6647,32.797,121.6685,WIND
32.79341,121.6694,32.79754,121.674,WIND
32.79431,121.6751,32.79826,121.6798,WIND
32.79467,121.6805,32.7988,121.6853,WIND
32.79557,121.6866,32.79916,121.6915,WIND
32.79647,121.6918,32.80024,121.6968,WIND
32.79665,121.6976,32.80132,121.7017,WIND
32.79683,121.7024,32.8015,121.7074,WIND
32.79718,121.708,32.80239,121.7127,WIND
32.79808,121.7134,32.80275,121.7182,WIND
32.70789,121.1588,32.71095,121.1641,WIND
32.71813,121.1595,32.72101,121.1643,WIND
32.71795,121.1717,32.72119,121.1765,WIND
32.70789,121.1744,32.71077,121.1801,WIND
32.71759,121.1835,32.72065,121.1891,WIND
32.70753,121.1891,32.71077,121.1943,WIND
32.71741,121.1961,32.72047,121.2015,WIND
32.70753,121.2019,32.71077,121.2073,WIND
32.71777,121.2078,32.72029,121.2125,WIND
32.70735,121.2148,32.71041,121.2198,WIND
32.71741,121.22,32.72065,121.225,WIND
32.71741,121.2285,32.72047,121.2331,WIND
32.71795,121.2362,32.72065,121.2416,WIND
32.71759,121.2441,32.72083,121.2497,WIND
32.57458,121.1399,32.5771,121.144,WIND
32.57009,121.1383,32.57261,121.1431,WIND
32.56488,121.1352,32.56722,121.1399,WIND
32.55931,121.1325,32.56165,121.1372,WIND
32.55428,121.1302,32.55698,121.1347,WIND
32.54889,121.1275,32.55177,121.1316,WIND
32.57332,121.1523,32.57656,121.1559,WIND
32.56704,121.1492,32.57009,121.1534,WIND
32.56147,121.1458,32.56398,121.1505,WIND
32.55428,121.1422,32.55698,121.1464,WIND
32.54889,121.1406,32.55195,121.1449,WIND
32.54224,121.1367,32.54494,121.1406,WIND
32.56829,121.1647,32.57135,121.1694,WIND
32.56236,121.1614,32.56578,121.1659,WIND
32.55662,121.1586,32.55949,121.1625,WIND
32.55069,121.1561,32.55392,121.16,WIND
32.54494,121.1528,32.54799,121.1571,WIND
32.53919,121.1507,32.54224,121.1546,WIND
32.56596,121.1771,32.56901,121.181,WIND
32.56057,121.1737,32.56308,121.1778,WIND
32.55446,121.171,32.55716,121.1751,WIND
32.54709,121.167,32.54997,121.1713,WIND
32.54081,121.1643,32.54386,121.1679,WIND
32.53578,121.1614,32.53811,121.165,WIND
32.52967,121.1588,32.53254,121.1623,WIND
32.52446,121.1544,32.52697,121.1575,WIND
32.56039,121.1871,32.56308,121.1916,WIND
32.5541,121.1844,32.55716,121.1886,WIND
32.54853,121.1812,32.55141,121.1857,WIND
32.54296,121.1782,32.54566,121.1826,WIND
32.53721,121.1753,32.54027,121.1792,WIND
32.53128,121.1722,32.5338,121.1765,WIND
32.52571,121.1694,32.52859,121.1735,WIND
32.52014,121.1667,32.5223,121.1708,WIND
32.56811,121.203,32.57117,121.2071,WIND
32.56255,121.2001,32.56506,121.2038,WIND
32.55644,121.197,32.55895,121.2017,WIND
32.55105,121.1936,32.55374,121.1985,WIND
32.54512,121.1904,32.54763,121.1952,WIND
32.53883,121.1877,32.5417,121.1922,WIND
32.53326,121.1852,32.53596,121.1897,WIND
32.52769,121.1817,32.53021,121.1859,WIND
32.52194,121.1787,32.52446,121.1839,WIND
32.5638,121.2089,32.5665,121.2125,WIND
32.55608,121.2082,32.55877,121.2119,WIND
32.55051,121.2053,32.5532,121.2094,WIND
32.5444,121.2022,32.54727,121.2069,WIND
32.53865,121.1994,32.54134,121.2038,WIND
32.52967,121.1947,32.53254,121.1988,WIND
32.52374,121.1913,32.52661,121.1956,WIND
32.51835,121.1888,32.52068,121.1931,WIND
32.50937,121.1949,32.51206,121.1997,WIND
32.51493,121.1983,32.51745,121.2028,WIND
32.52014,121.2013,32.52284,121.2053,WIND
32.52607,121.204,32.52913,121.2091,WIND
32.532,121.2073,32.5347,121.2114,WIND
32.53937,121.2089,32.54206,121.2127,WIND
32.50559,121.2042,32.50811,121.2092,WIND
32.51116,121.208,32.51386,121.2125,WIND
32.51673,121.2109,32.51996,121.2153,WIND
32.52248,121.2143,32.52535,121.2193,WIND
32.53434,121.2206,32.53667,121.2245,WIND
32.52877,121.2175,32.53092,121.2213,WIND
32.5532,121.2139,32.55572,121.2177,WIND
32.5629,121.217,32.56578,121.2207,WIND
32.55141,121.2191,32.5541,121.2225,WIND
32.56111,121.2233,32.5638,121.2267,WIND
32.55895,121.229,32.56201,121.2326,WIND
32.54925,121.2254,32.55195,121.229,WIND
32.54009,121.2234,32.54278,121.2272,WIND
32.53631,121.2326,32.53865,121.2373,WIND
32.53075,121.2301,32.53326,121.2339,WIND
32.52482,121.2274,32.52733,121.231,WIND
32.51943,121.2242,32.52176,121.2279,WIND
32.5135,121.2209,32.51583,121.2247,WIND
32.50793,121.2177,32.51008,121.222,WIND
32.50146,121.2137,32.50362,121.2179,WIND
32.5453,121.231,32.54781,121.2348,WIND
32.55841,121.2348,32.56075,121.2382,WIND
32.56326,121.2374,32.56632,121.2416,WIND
32.56129,121.2445,32.56434,121.248,WIND
32.55302,121.2436,32.55608,121.2466,WIND
32.55195,121.2491,32.55482,121.2522,WIND
32.55877,121.2516,32.56183,121.2554,WIND
32.55662,121.2585,32.55967,121.2621,WIND
32.54997,121.2547,32.55266,121.2583,WIND
32.5426,121.2387,32.5453,121.2419,WIND
32.54045,121.2443,32.54332,121.2479,WIND
32.53847,121.25,32.54134,121.2534,WIND
32.53649,121.2551,32.53901,121.2583,WIND
32.5329,121.2425,32.53542,121.2466,WIND
32.52733,121.2398,32.52985,121.2436,WIND
32.52086,121.2369,32.52392,121.2412,WIND
32.51511,121.234,32.51853,121.2382,WIND
32.5099,121.2308,32.5126,121.2344,WIND
32.50379,121.2277,32.50631,121.2321,WIND
32.52446,121.2491,32.52679,121.2536,WIND
32.51943,121.248,32.52212,121.2525,WIND
32.5108,121.2425,32.51368,121.2473,WIND
32.49984,121.2369,32.502,121.2416,WIND
32.49805,121.2473,32.50092,121.2522,WIND
32.50757,121.2516,32.51062,121.256,WIND
32.50308,121.2604,32.50595,121.2649,WIND
32.49301,121.2383,32.49553,121.2428,WIND
32.49355,121.2577,32.49625,121.2619,WIND
32.53218,121.256,32.53488,121.2601,WIND
32.52679,121.2554,32.52931,121.2595,WIND
32.5241,121.2613,32.52733,121.2655,WIND
32.51386,121.2574,32.51709,121.2615,WIND
32.51727,121.2662,32.52014,121.2707,WIND
32.53398,121.2655,32.53739,121.2696,WIND
32.52643,121.2755,32.52967,121.28,WIND
32.54979,121.2624,32.55266,121.2666,WIND
32.54422,121.2595,32.54709,121.263,WIND
32.5435,121.2698,32.54673,121.2739,WIND
32.53847,121.2791,32.54152,121.2833,WIND
32.53075,121.286,32.5338,121.2903,WIND
32.55284,121.2739,32.55644,121.2789,WIND
32.54853,121.2849,32.55177,121.2892,WIND
32.53524,121.2958,32.53829,121.3,WIND
32.53919,121.3025,32.5426,121.3066,WIND
32.54476,121.2957,32.54781,121.3001,WIND
32.49445,121.2784,32.49715,121.2822,WIND
32.502,121.2845,32.50505,121.2885,WIND
32.50972,121.2913,32.5126,121.2955,WIND
32.51476,121.2987,32.51799,121.303,WIND
32.48978,121.289,32.4923,121.2935,WIND
32.49679,121.2971,32.49966,121.3007,WIND
32.50362,121.3034,32.50649,121.3077,WIND
32.51206,121.3077,32.51458,121.3118,WIND
32.4887,121.248,32.49176,121.2531,WIND
32.48188,121.2824,32.48475,121.287,WIND
32.47415,121.2768,32.47702,121.2818,WIND
32.47002,121.2876,32.47289,121.2921,WIND
32.47685,121.2922,32.48008,121.2973,WIND
32.48349,121.2989,32.48637,121.3037,WIND
32.4905,121.3041,32.49373,121.3088,WIND
32.49679,121.3104,32.5002,121.3156,WIND
32.50308,121.3154,32.50631,121.3197,WIND
32.51853,121.3098,32.52212,121.314,WIND
32.5223,121.3231,32.52535,121.3273,WIND
32.5099,121.321,32.51314,121.3257,WIND
32.51565,121.3284,32.51871,121.3323,WIND
32.51925,121.3328,32.5223,121.3372,WIND
32.52589,121.3305,32.52913,121.3348,WIND
32.52302,121.3372,32.52607,121.3413,WIND
32.52823,121.3393,32.53164,121.3434,WIND
32.55141,121.3054,32.55482,121.3093,WIND
32.54799,121.3145,32.55105,121.3187,WIND
32.54368,121.309,32.54655,121.3131,WIND
32.555,121.2948,32.55787,121.2991,WIND
32.55769,121.2847,32.56093,121.2887,WIND
32.55967,121.2768,32.56362,121.2811,WIND
32.38414,121.614,32.38755,121.6183,WIND
32.38324,121.6241,32.38701,121.6291,WIND
32.38216,121.6343,32.38576,121.6394,WIND
32.38126,121.6444,32.3854,121.6489,WIND
32.38091,121.6541,32.38468,121.6595,WIND
32.3748,121.6205,32.37857,121.6255,WIND
32.37408,121.6291,32.37785,121.6347,WIND
32.36312,121.6243,32.36689,121.6296,WIND
32.3624,121.6323,32.36635,121.6376,WIND
32.36168,121.6408,32.36581,121.646,WIND
32.36096,121.6487,32.36527,121.6537,WIND
32.37138,121.648,32.3748,121.6526,WIND
32.37049,121.658,32.37408,121.6634,WIND
32.37965,121.6649,32.38396,121.6686,WIND
32.36905,121.6695,32.373,121.6744,WIND
32.35935,121.6764,32.36294,121.6816,WIND
32.36779,121.6789,32.37246,121.6846,WIND
32.37893,121.674,32.38288,121.6794,WIND
32.37803,121.6818,32.38252,121.6868,WIND
32.37785,121.69,32.38198,121.6941,WIND
32.36707,121.6895,32.37138,121.6943,WIND
32.35809,121.6848,32.3624,121.69,WIND
32.35773,121.694,32.36186,121.6986,WIND
32.36671,121.6988,32.37084,121.7049,WIND
32.37695,121.6972,32.38126,121.7024,WIND
32.37606,121.7053,32.38055,121.7101,WIND
32.37606,121.713,32.38037,121.718,WIND
32.36617,121.7069,32.37049,121.7119,WIND
32.35665,121.7028,32.36078,121.7082,WIND
32.35575,121.7121,32.36042,121.7175,WIND
32.36545,121.7146,32.36977,121.7195,WIND
32.36492,121.7218,32.36887,121.727,WIND
32.35575,121.7216,32.36006,121.7263,WIND
32.3642,121.7294,32.36833,121.7344,WIND
32.35414,121.7301,32.35881,121.7355,WIND
32.36402,121.7369,32.36815,121.7416,WIND
32.35378,121.7394,32.35791,121.7446,WIND
32.35342,121.748,32.35755,121.7534,WIND
32.35324,121.757,32.35683,121.7624,WIND
32.85486,121.7542,32.85989,121.7599,WIND
32.85504,121.7604,32.85953,121.7651,WIND
32.85486,121.7658,32.85935,121.7709,WIND
32.84282,121.7542,32.84713,121.7588,WIND
32.8297,121.7534,32.8342,121.7588,WIND
32.84246,121.7606,32.84695,121.7648,WIND
32.82395,121.7604,32.82755,121.7664,WIND
32.81569,121.7533,32.82018,121.759,WIND
32.80455,121.7536,32.80868,121.7578,WIND
32.80527,121.7592,32.8094,121.7637,WIND
32.82431,121.7691,32.82809,121.7743,WIND
32.80653,121.7644,32.81066,121.7689,WIND
32.80743,121.7696,32.81174,121.7741,WIND
32.80868,121.775,32.81264,121.7795,WIND
32.82503,121.7766,32.82935,121.782,WIND
32.84282,121.7671,32.84695,121.7723,WIND
32.85486,121.7719,32.85917,121.7761,WIND
32.84246,121.7746,32.84695,121.7791,WIND
32.85504,121.7772,32.85917,121.7818,WIND
32.84192,121.7813,32.84695,121.7863,WIND
32.82593,121.7843,32.8306,121.7894,WIND
32.80922,121.7806,32.81371,121.7851,WIND
32.81048,121.786,32.81479,121.7904,WIND
32.8112,121.791,32.81605,121.7964,WIND
32.82665,121.7924,32.83096,121.7978,WIND
32.84228,121.7878,32.84695,121.7939,WIND
32.85522,121.7829,32.85899,121.7874,WIND
32.85468,121.7888,32.85917,121.7933,WIND
32.8545,121.7944,32.85899,121.7994,WIND
32.84228,121.7955,32.84677,121.8002,WIND
32.85396,121.8002,32.85935,121.8048,WIND
32.84192,121.8023,32.84659,121.807,WIND
32.82737,121.8005,32.83186,121.8052,WIND
32.81246,121.7969,32.81659,121.8014,WIND
32.81336,121.8023,32.81803,121.8073,WIND
32.81443,121.8079,32.81874,121.8127,WIND
32.81551,121.8133,32.82018,121.8178,WIND
32.82809,121.8084,32.83294,121.8134,WIND
32.8412,121.8091,32.84605,121.8147,WIND
32.8545,121.8054,32.85863,121.8104,WIND
32.85414,121.8109,32.85863,121.8163,WIND
32.85414,121.817,32.85845,121.8215,WIND
32.85396,121.8226,32.85845,121.8276,WIND
32.84156,121.8169,32.84605,121.8214,WIND
32.82863,121.8161,32.83348,121.8215,WIND
32.81587,121.8188,32.82108,121.8231,WIND
32.81785,121.8239,32.82198,121.8287,WIND
32.82935,121.8242,32.83438,121.8296,WIND
32.81838,121.8291,32.82342,121.8336,WIND
32.84156,121.8233,32.84605,121.828,WIND
32.85342,121.8285,32.85809,121.833,WIND
32.84138,121.8307,32.84587,121.8363,WIND
32.81964,121.8348,32.82431,121.8393,WIND
32.8209,121.8402,32.82539,121.8445,WIND
32.85396,121.8339,32.85809,121.8382,WIND
32.84102,121.8375,32.84533,121.8426,WIND
32.85342,121.8393,32.85809,121.8451,WIND
32.8412,121.8449,32.84605,121.8503,WIND
32.82162,121.8454,32.82593,121.8505,WIND
32.82234,121.8508,32.82719,121.8555,WIND
32.82377,121.8566,32.82827,121.8612,WIND
32.82503,121.8618,32.82935,121.8664,WIND
32.84066,121.8515,32.84587,121.8569,WIND
32.8536,121.8458,32.85809,121.8501,WIND
32.85342,121.8514,32.85809,121.8562,WIND
32.85324,121.8569,32.85809,121.8614,WIND
32.84066,121.8589,32.84569,121.8634,WIND
32.82557,121.8672,32.83042,121.8717,WIND
32.82665,121.8726,32.83096,121.877,WIND
32.84102,121.8663,32.84533,121.8704,WIND
32.85306,121.8627,32.85755,121.8675,WIND
32.85324,121.8681,32.85809,121.8726,WIND
32.85288,121.8736,32.85773,121.8785,WIND
32.84012,121.8726,32.84515,121.8781,WIND
32.82773,121.8776,32.83276,121.8821,WIND
32.82845,121.8832,32.83348,121.8882,WIND
32.84048,121.8797,32.84497,121.8846,WIND
32.85342,121.8788,32.85755,121.8841,WIND
32.85306,121.8855,32.85719,121.8902,WIND
32.84066,121.8867,32.8448,121.892,WIND
32.82917,121.8893,32.83491,121.8939,WIND
32.83024,121.8943,32.83581,121.8986,WIND
32.8315,121.8995,32.83581,121.9045,WIND
32.84066,121.8936,32.84515,121.8986,WIND
32.84012,121.9008,32.8448,121.9058,WIND
32.84066,121.9078,32.84444,121.9128,WIND
32.85324,121.8912,32.85755,121.8959,WIND
32.85234,121.8965,32.85719,121.9015,WIND
32.8527,121.9024,32.85773,121.9069,WIND
32.85252,121.9076,32.85755,121.9126,WIND
32.8527,121.9135,32.85719,121.918,WIND
32.85288,121.9191,32.85737,121.9241,WIND
32.84012,121.915,32.84426,121.9194,WIND
32.83976,121.9214,32.84444,121.9272,WIND
32.85162,121.9252,32.85755,121.9299,WIND
32.85234,121.9308,32.85683,121.9358,WIND
32.85234,121.9367,32.85683,121.9405,WIND
32.84012,121.9284,32.84462,121.9331,WIND
32.84048,121.9344,32.84444,121.9392,WIND
32.83923,121.9401,32.8439,121.9455,WIND
32.69011,121.9097,32.69406,121.9142,WIND
32.69136,121.915,32.6955,121.9191,WIND
32.6919,121.9198,32.69675,121.9236,WIND
32.69334,121.9239,32.69783,121.9281,WIND
32.69532,121.9284,32.69963,121.9324,WIND
32.69675,121.9327,32.70088,121.9363,WIND
32.69819,121.9371,32.70232,121.9405,WIND
32.69945,121.9412,32.70358,121.9453,WIND
32.70071,121.9457,32.7052,121.9495,WIND
32.70232,121.9502,32.70592,121.9543,WIND
32.70358,121.9548,32.70825,121.9583,WIND
32.70556,121.9586,32.70951,121.9624,WIND
32.70645,121.9633,32.71041,121.9674,WIND
32.70789,121.968,32.71202,121.9717,WIND
32.70933,121.9723,32.71346,121.976,WIND
32.71041,121.9766,32.7149,121.9807,WIND
32.71167,121.9811,32.71562,121.9852,WIND
32.71256,121.9857,32.71724,121.9901,WIND
32.67789,121.9164,32.68202,121.9214,WIND
32.67897,121.9221,32.68274,121.9259,WIND
32.6804,121.9268,32.68382,121.9309,WIND
32.6813,121.9315,32.68525,121.9356,WIND
32.68256,121.9356,32.68651,121.9403,WIND
32.68346,121.9405,32.68795,121.9448,WIND
32.68507,121.9451,32.68867,121.9498,WIND
32.68633,121.9503,32.69047,121.9545,WIND
32.68741,121.955,32.69118,121.9592,WIND
32.68849,121.9597,32.69208,121.9636,WIND
32.68975,121.9645,32.69334,121.9687,WIND
32.691,121.9689,32.6946,121.9732,WIND
32.69226,121.9739,32.6955,121.9778,WIND
32.69316,121.9784,32.69693,121.9827,WIND
32.69406,121.983,32.69801,121.9875,WIND
32.69514,121.9877,32.69927,121.992,WIND
32.69639,121.9926,32.70071,121.9976,WIND
32.66585,121.9238,32.66944,121.9281,WIND
32.66675,121.9295,32.67088,121.934,WIND
32.66747,121.9349,32.67178,121.939,WIND
32.66855,121.9399,32.67304,121.9446,WIND
32.6698,121.9453,32.67394,121.9498,WIND
32.67088,121.9505,32.67501,121.9554,WIND
32.6716,121.9563,32.67519,121.9608,WIND
32.67322,121.9615,32.67699,121.966,WIND
32.67394,121.9671,32.67789,121.9712,WIND
32.67501,121.9723,32.67879,121.9771,WIND
32.67555,121.9777,32.67951,121.983,WIND
32.67663,121.9839,32.68058,121.9881,WIND
32.67807,121.9886,32.68148,121.9931,WIND
32.67843,121.9942,32.68382,121.9987,WIND
32.67986,121.9994,32.68364,122.0039,WIND
32.65381,121.9302,32.65759,121.9351,WIND
32.65489,121.9362,32.65866,121.9405,WIND
32.65507,121.9419,32.65884,121.9464,WIND
32.65579,121.9471,32.65938,121.952,WIND
32.65687,121.9525,32.66064,121.957,WIND
32.65759,121.9577,32.661,121.9622,WIND
32.65705,121.9633,32.66172,121.9685,WIND
32.65813,121.9692,32.66226,121.9732,WIND
32.65866,121.9735,32.66316,121.9782,WIND
32.6592,121.9787,32.66352,121.9838,WIND
32.6601,121.9847,32.66423,121.9901,WIND
32.66082,121.9904,32.66495,121.9947,WIND
32.66136,121.9951,32.66495,122.0003,WIND
32.66208,122.0008,32.66585,122.0059,WIND
32.66244,122.0066,32.66675,122.0118,WIND
32.6416,121.938,32.64591,121.9421,WIND
32.64142,121.943,32.64591,121.9468,WIND
32.64214,121.9477,32.64609,121.9516,WIND
32.64249,121.9523,32.64681,121.9565,WIND
32.64267,121.9572,32.64663,121.9611,WIND
32.64303,121.9622,32.64699,121.9658,WIND
32.64321,121.9663,32.64735,121.9708,WIND
32.64357,121.9712,32.64771,121.976,WIND
32.64411,121.976,32.6486,121.9804,WIND
32.64393,121.9809,32.64807,121.985,WIND
32.64447,121.9856,32.6486,121.9901,WIND
32.64447,121.9904,32.6486,121.9945,WIND
32.64501,121.9951,32.64914,121.9992,WIND
32.64483,121.9999,32.6495,122.0037,WIND
32.64591,122.0042,32.64968,122.0086,WIND
32.64591,122.0093,32.64986,122.0134,WIND
32.64645,122.0139,32.65022,122.0184,WIND
32.62956,121.9448,32.63369,121.9486,WIND
32.62938,121.9495,32.63387,121.953,WIND
32.62938,121.9536,32.63351,121.9577,WIND
32.62938,121.9584,32.63315,121.9624,WIND
32.62938,121.9631,32.63351,121.9667,WIND
32.62956,121.9674,32.63315,121.9714,WIND
32.6292,121.9719,32.63333,121.976,WIND
32.62938,121.9764,32.63333,121.9805,WIND
32.62938,121.9811,32.63351,121.9847,WIND
32.62974,121.9852,32.63333,121.9888,WIND
32.62938,121.9895,32.63315,121.9938,WIND
32.6292,121.9945,32.63333,121.9985,WIND
32.62956,121.9989,32.63333,122.0028,WIND
32.62938,122.0035,32.63351,122.0075,WIND
32.62902,122.008,32.63315,122.0122,WIND
32.62938,122.0125,32.63315,122.0161,WIND
32.62902,122.0166,32.63297,122.0211,WIND
32.62902,122.0219,32.63297,122.026,WIND
32.18956,122.0484,32.19388,122.0526,WIND
32.18759,122.0535,32.19244,122.0571,WIND
32.18615,122.0578,32.19028,122.0621,WIND
32.184,122.0625,32.18867,122.0664,WIND
32.18238,122.0668,32.18687,122.0713,WIND
32.18058,122.0718,32.18525,122.0758,WIND
32.17842,122.0759,32.1831,122.0799,WIND
32.17699,122.0804,32.18166,122.0849,WIND
32.17537,122.0855,32.18004,122.0896,WIND
32.17375,122.0901,32.17825,122.0935,WIND
32.17214,122.0943,32.17627,122.0984,WIND
32.17357,122.0398,32.17825,122.0432,WIND
32.17142,122.0447,32.17573,122.049,WIND
32.1698,122.0501,32.17429,122.0538,WIND
32.16747,122.0547,32.17196,122.0596,WIND
32.16603,122.0605,32.17016,122.0646,WIND
32.16369,122.0655,32.16783,122.0698,WIND
32.16154,122.0707,32.16585,122.0749,WIND
32.1601,122.0756,32.16423,122.0797,WIND
32.15776,122.081,32.16226,122.0853,WIND
32.15615,122.086,32.15938,122.0903,WIND
32.15363,122.0278,32.15794,122.0328,WIND
32.1513,122.0343,32.15561,122.0386,WIND
32.14878,122.0393,32.15291,122.0445,WIND
32.14716,122.0457,32.15076,122.0502,WIND
32.14447,122.0517,32.1486,122.056,WIND
32.14195,122.0572,32.14644,122.0621,WIND
32.13962,122.0634,32.14393,122.0684,WIND
32.13728,122.0691,32.14159,122.0743,WIND
32.13369,122.0754,32.13908,122.0802,WIND
32.14016,122.0204,32.14429,122.0246,WIND
32.13818,122.0247,32.14267,122.0289,WIND
32.13656,122.0294,32.14088,122.033,WIND
32.13495,122.0337,32.13944,122.0377,WIND
32.13279,122.0382,32.13782,122.0418,WIND
32.13135,122.0423,32.13567,122.0459,WIND
32.12956,122.0463,32.13405,122.0506,WIND
32.1274,122.0511,32.13279,122.0547,WIND
32.12614,122.0553,32.13063,122.0592,WIND
32.12435,122.0598,32.12884,122.0634,WIND
32.12219,122.0643,32.12704,122.0678,WIND
32.12075,122.0687,32.12542,122.0725,WIND
32.16046,122.1239,32.16459,122.1289,WIND
32.14375,122.1167,32.14788,122.1216,WIND
32.12183,122.1074,32.12632,122.1122,WIND
32.108,122.1007,32.11249,122.1058,WIND
32.15902,122.1291,32.16351,122.1332,WIND
32.15687,122.1343,32.16118,122.1379,WIND
32.15507,122.1386,32.1592,122.1426,WIND
32.15345,122.1435,32.1574,122.1476,WIND
32.15148,122.1485,32.15561,122.1525,WIND
32.14968,122.1535,32.15363,122.157,WIND
32.1477,122.1579,32.15183,122.162,WIND
32.14573,122.1627,32.14986,122.1668,WIND
32.14411,122.1676,32.1486,122.1717,WIND
32.14177,122.1724,32.14663,122.1767,WIND
32.14034,122.1773,32.14483,122.1812,WIND
32.13872,122.1819,32.14285,122.1861,WIND
32.13674,122.187,32.14088,122.1911,WIND
32.13495,122.1918,32.13944,122.1959,WIND
32.13279,122.1967,32.1371,122.2012,WIND
32.13099,122.2017,32.13549,122.2053,WIND
32.12956,122.206,32.13351,122.2107,WIND
32.12758,122.2116,32.13171,122.2148,WIND
32.12542,122.2157,32.13028,122.2193,WIND
32.12381,122.2207,32.12848,122.2245,WIND
32.12129,122.2256,32.12632,122.2299,WIND
32.14159,122.123,32.14591,122.1275,WIND
32.1389,122.1291,32.14357,122.1338,WIND
32.13656,122.1345,32.14106,122.1399,WIND
32.13441,122.1415,32.1389,122.1465,WIND
32.13225,122.1476,32.13656,122.1518,WIND
32.12992,122.1532,32.13441,122.1582,WIND
32.12812,122.1598,32.13189,122.1634,WIND
32.12489,122.1654,32.12974,122.1708,WIND
32.12309,122.1721,32.12758,122.1771,WIND
32.12057,122.1783,32.12506,122.1832,WIND
32.11842,122.1841,32.12219,122.1891,WIND
32.11626,122.1906,32.12004,122.195,WIND
32.11375,122.1965,32.11788,122.201,WIND
32.11141,122.2031,32.115,122.2073,WIND
32.10907,122.2087,32.11303,122.2143,WIND
32.10674,122.2154,32.11069,122.2202,WIND
32.10404,122.2213,32.10818,122.2263,WIND
32.10189,122.227,32.10638,122.2321,WIND
32.09937,122.2337,32.10386,122.2387,WIND
32.1195,122.1142,32.12399,122.1192,WIND
32.10548,122.1061,32.11015,122.1106,WIND
32.11626,122.1212,32.12075,122.1266,WIND
32.10351,122.1111,32.10818,122.1162,WIND
32.10135,122.1169,32.10638,122.1214,WIND
32.09901,122.1219,32.10386,122.127,WIND
32.09722,122.1273,32.10171,122.1318,WIND
32.11357,122.1289,32.11806,122.134,WIND
32.09488,122.1325,32.09955,122.1372,WIND
32.10979,122.1363,32.115,122.1417,WIND
32.10728,122.1437,32.11213,122.1487,WIND
32.10422,122.1509,32.10925,122.1561,WIND
32.10135,122.1582,32.10584,122.1631,WIND
32.09848,122.1652,32.10351,122.171,WIND
32.09578,122.1731,32.10009,122.1778,WIND
32.09309,122.1803,32.0974,122.185,WIND
32.08967,122.1871,32.09416,122.1922,WIND
32.08734,122.195,32.09111,122.1995,WIND
32.08392,122.2021,32.08841,122.2071,WIND
32.08087,122.2094,32.08464,122.2143,WIND
32.07781,122.2164,32.08231,122.2213,WIND
32.07512,122.2233,32.08015,122.2288,WIND
32.07242,122.231,32.07656,122.2364,WIND
32.06955,122.2382,32.07368,122.243,WIND
32.06667,122.245,32.07081,122.25,WIND
32.09291,122.1379,32.0974,122.142,WIND
32.09129,122.1429,32.09578,122.1471,WIND
32.08859,122.1482,32.09362,122.1532,WIND
32.08644,122.1537,32.09183,122.158,WIND
32.08356,122.1588,32.08949,122.1636,WIND
32.08195,122.1641,32.08734,122.1683,WIND
32.07979,122.1688,32.08482,122.1742,WIND
32.07799,122.1749,32.08284,122.1792,WIND
32.07602,122.1801,32.08159,122.1843,WIND
32.07386,122.1852,32.07907,122.1895,WIND
32.07117,122.1904,32.07638,122.1945,WIND
32.06991,122.195,32.0744,122.1997,WIND
32.06793,122.2003,32.07296,122.2049,WIND
32.06524,122.2058,32.07027,122.2101,WIND
32.06362,122.2112,32.06865,122.2146,WIND
32.06182,122.2163,32.0665,122.22,WIND
32.05877,122.2216,32.0638,122.226,WIND
32.05751,122.2265,32.06182,122.2313,WIND
32.05518,122.2324,32.05949,122.2357,WIND
32.05302,122.2371,32.05859,122.2418,WIND
32.05087,122.2423,32.05589,122.2468,WIND
32.04925,122.2477,32.0541,122.2518,WIND
32.04673,122.2527,32.05176,122.2578,WIND
30.6722,121.5509,30.67562,121.5547,WIND
30.67185,121.5563,30.67454,121.5609,WIND
30.67005,121.5622,30.6731,121.5669,WIND
30.66987,121.5679,30.6722,121.5719,WIND
30.66861,121.5733,30.67095,121.5777,WIND
30.66394,121.6008,30.66645,121.6055,WIND
30.66232,121.6069,30.66538,121.6112,WIND
30.66125,121.613,30.66412,121.6174,WIND
30.66053,121.6192,30.66286,121.6242,WIND
30.65747,121.5509,30.65999,121.5548,WIND
30.65585,121.5572,30.65891,121.5622,WIND
30.65406,121.5726,30.65639,121.5769,WIND
30.6519,121.5807,30.6546,121.5856,WIND
30.65047,121.5891,30.65316,121.594,WIND
30.64957,121.5972,30.65172,121.6026,WIND
30.64813,121.605,30.64993,121.6093,WIND
30.64633,121.6121,30.64903,121.6168,WIND
30.64525,121.6186,30.64795,121.6245,WIND
30.6449,121.5503,30.64741,121.5552,WIND
30.64256,121.5563,30.64525,121.5609,WIND
30.64005,121.5617,30.64274,121.5667,WIND
30.63879,121.5687,30.64148,121.5735,WIND
30.63735,121.5762,30.64022,121.5811,WIND
30.63645,121.5834,30.63897,121.5877,WIND
30.63537,121.5904,30.63807,121.5953,WIND
30.6343,121.5971,30.63699,121.6028,WIND
30.63268,121.6037,30.63537,121.6087,WIND
30.63142,121.6102,30.63412,121.6165,WIND
30.65567,121.6457,30.65837,121.6501,WIND
30.6546,121.6529,30.65675,121.6574,WIND
30.65316,121.6601,30.65621,121.6644,WIND
30.65154,121.6655,30.6537,121.6702,WIND
30.64939,121.6714,30.65208,121.6765,WIND
30.64687,121.6775,30.64993,121.6822,WIND
30.6449,121.6846,30.64741,121.6889,WIND
30.64274,121.6905,30.6449,121.6955,WIND
30.63987,121.698,30.64274,121.7032,WIND
30.63753,121.7054,30.63969,121.7101,WIND
30.63483,121.712,30.63753,121.7171,WIND
30.63232,121.718,30.63537,121.7237,WIND
30.63016,121.7246,30.6334,121.7296,WIND
30.62837,121.7302,30.6307,121.7352,WIND
30.62603,121.7359,30.62908,121.7413,WIND
30.63825,121.6486,30.6413,121.6538,WIND
30.63573,121.6587,30.63861,121.6642,WIND
30.63232,121.6702,30.63537,121.6756,WIND
30.62944,121.6811,30.6316,121.6869,WIND
30.62549,121.693,30.62855,121.6984,WIND
30.6228,121.7045,30.62621,121.7095,WIND
30.61938,121.7149,30.62208,121.7203,WIND
30.61669,121.7262,30.61902,121.7305,WIND
30.61345,121.7359,30.61615,121.7399,WIND
30.62423,121.6538,30.62675,121.6585,WIND
30.6219,121.6601,30.62459,121.6657,WIND
30.61777,121.6747,30.62046,121.6795,WIND
30.61561,121.6826,30.61867,121.6872,WIND
30.61328,121.6903,30.61615,121.6957,WIND
30.61076,121.6986,30.61363,121.704,WIND
30.60896,121.707,30.61202,121.7111,WIND
30.60681,121.7149,30.60896,121.7192,WIND
30.60447,121.7217,30.60717,121.7268,WIND
30.60268,121.7291,30.60519,121.7332,WIND
30.60088,121.7359,30.60339,121.7406,WIND
30.63789,121.4425,30.64094,121.4483,WIND
30.63232,121.4431,30.63465,121.4476,WIND
30.62585,121.4429,30.62855,121.4476,WIND
30.62046,121.4434,30.62262,121.4481,WIND
30.61471,121.4431,30.61687,121.4479,WIND
30.60806,121.4425,30.61076,121.4479,WIND
30.6016,121.4425,30.60429,121.4476,WIND
30.59675,121.4429,30.5989,121.4479,WIND
30.59082,121.4425,30.59315,121.4479,WIND
30.58417,121.4429,30.58668,121.4481,WIND
30.5786,121.4431,30.58076,121.4488,WIND
30.57231,121.4429,30.57501,121.4478,WIND
30.64238,121.4594,30.6449,121.4645,WIND
30.63447,121.4603,30.63663,121.4652,WIND
30.62675,121.4603,30.6289,121.4657,WIND
30.61795,121.46,30.62064,121.4643,WIND
30.6095,121.4598,30.61202,121.4655,WIND
30.60142,121.4598,30.60429,121.4654,WIND
30.59315,121.4596,30.59639,121.4654,WIND
30.58579,121.4603,30.58794,121.4652,WIND
30.57698,121.4603,30.58022,121.4657,WIND
30.56872,121.4605,30.57177,121.4661,WIND
30.64777,121.4805,30.65029,121.4853,WIND
30.63915,121.4806,30.64202,121.4857,WIND
30.63142,121.4797,30.63412,121.486,WIND
30.62298,121.4801,30.62567,121.4853,WIND
30.61453,121.4808,30.61759,121.4849,WIND
30.60609,121.4808,30.60896,121.4855,WIND
30.59836,121.4803,30.60034,121.4849,WIND
30.58938,121.4801,30.59225,121.486,WIND
30.58183,121.4801,30.58471,121.486,WIND
30.57321,121.4805,30.57608,121.4857,WIND
30.56566,121.4805,30.56764,121.4857,WIND
30.65244,121.4977,30.65478,121.5024,WIND
30.64651,121.4981,30.64885,121.5035,WIND
30.64076,121.4977,30.64364,121.5024,WIND
30.63519,121.4977,30.63789,121.5027,WIND
30.62944,121.4975,30.63232,121.5022,WIND
30.62352,121.4973,30.62621,121.5022,WIND
30.6183,121.4975,30.62046,121.5022,WIND
30.61274,121.4973,30.61543,121.502,WIND
30.60717,121.4981,30.6095,121.5017,WIND
30.60142,121.4977,30.60375,121.502,WIND
30.59477,121.4973,30.598,121.5026,WIND
30.5892,121.4977,30.5919,121.502,WIND
30.58417,121.4975,30.58704,121.5017,WIND
30.5786,121.4975,30.5813,121.5024,WIND
30.57231,121.4977,30.57572,121.5033,WIND
30.56782,121.4973,30.5698,121.5024,WIND
30.56225,121.4972,30.56441,121.5024,WIND
30.51428,121.4528,30.51626,121.4575,WIND
30.51051,121.453,30.5123,121.4573,WIND
30.50673,121.453,30.50853,121.4573,WIND
30.50278,121.4533,30.50494,121.4573,WIND
30.49937,121.4533,30.5017,121.4571,WIND
30.49577,121.453,30.49829,121.4567,WIND
30.49218,121.453,30.49416,121.4567,WIND
30.48895,121.4528,30.49038,121.4566,WIND
30.48464,121.4526,30.48715,121.4567,WIND
30.48104,121.4526,30.48284,121.4573,WIND
30.47673,121.4528,30.47943,121.4573,WIND
30.47368,121.4526,30.47547,121.4569,WIND
30.46972,121.4526,30.47224,121.4573,WIND
30.46649,121.4528,30.46865,121.4566,WIND
30.4629,121.4524,30.46505,121.4573,WIND
30.4593,121.4522,30.46146,121.4566,WIND
30.45553,121.4526,30.45769,121.4569,WIND
30.45158,121.4526,30.45427,121.4569,WIND
30.44834,121.4522,30.45032,121.4569,WIND
30.44475,121.4526,30.44691,121.4564,WIND
30.44044,121.4528,30.44349,121.4571,WIND
30.51033,121.4752,30.51212,121.479,WIND
30.5053,121.4749,30.50799,121.4792,WIND
30.5017,121.4745,30.50404,121.4788,WIND
30.49542,121.4743,30.49847,121.4781,WIND
30.48985,121.4743,30.492,121.4787,WIND
30.48464,121.4743,30.48679,121.4787,WIND
30.47799,121.4738,30.48104,121.4788,WIND
30.47296,121.4743,30.47547,121.4787,WIND
30.46739,121.4743,30.46954,121.4781,WIND
30.462,121.4738,30.46451,121.4785,WIND
30.45643,121.4742,30.45876,121.4785,WIND
30.45068,121.474,30.45266,121.4787,WIND
30.44475,121.4736,30.44691,121.4785,WIND
30.43864,121.4733,30.44116,121.4778,WIND
30.43523,121.4736,30.4372,121.4779,WIND
30.43092,121.4734,30.43361,121.4781,WIND
30.5062,121.4963,30.50907,121.5013,WIND
30.50314,121.4968,30.50566,121.5013,WIND
30.49937,121.4972,30.50206,121.5015,WIND
30.49613,121.497,30.49847,121.5017,WIND
30.49308,121.4972,30.49524,121.5013,WIND
30.48931,121.497,30.49164,121.5013,WIND
30.48464,121.4966,30.48787,121.5013,WIND
30.48104,121.4966,30.48374,121.5009,WIND
30.47817,121.4966,30.48032,121.5015,WIND
30.4744,121.497,30.47745,121.5013,WIND
30.4708,121.4966,30.4735,121.5013,WIND
30.46757,121.4966,30.46936,121.5017,WIND
30.4638,121.4963,30.46613,121.5008,WIND
30.4602,121.4966,30.46236,121.5004,WIND
30.45697,121.4963,30.45876,121.4999,WIND
30.45338,121.4957,30.45553,121.4997,WIND
30.44996,121.4955,30.45176,121.4999,WIND
30.44637,121.4961,30.44834,121.4999,WIND
30.44331,121.4959,30.44529,121.5006,WIND
30.43918,121.4959,30.44134,121.4997,WIND
30.43559,121.4952,30.43792,121.4997,WIND
30.43253,121.4955,30.43433,121.4993,WIND
30.4266,121.4733,30.42948,121.4781,WIND
30.42301,121.4734,30.42517,121.4779,WIND
30.41924,121.4736,30.42157,121.4781,WIND
30.41493,121.4736,30.41762,121.4781,WIND
30.41187,121.4736,30.41385,121.4781,WIND
30.42858,121.4954,30.43092,121.4995,WIND
30.42517,121.4957,30.42732,121.4995,WIND
30.4205,121.4954,30.42337,121.4999,WIND
30.41708,121.4952,30.42014,121.4997,WIND
30.41439,121.4952,30.41618,121.4993,WIND
30.41043,121.4954,30.41259,121.4995,WIND
30.40702,121.4952,30.40936,121.5,WIND
30.40343,121.495,30.40594,121.5002,WIND
30.39624,121.4946,30.39912,121.4999,WIND
30.39193,121.4946,30.39516,121.4993,WIND
30.47673,121.838,30.4796,121.843,WIND
30.47044,121.8356,30.47332,121.8403,WIND
30.46398,121.8333,30.46649,121.8376,WIND
30.4584,121.831,30.46092,121.8351,WIND
30.47817,121.8522,30.48032,121.8561,WIND
30.4744,121.8498,30.47637,121.8547,WIND
30.47062,121.8484,30.47278,121.8527,WIND
30.46667,121.847,30.46954,121.8518,WIND
30.46308,121.8457,30.46559,121.8493,WIND
30.46002,121.8434,30.46236,121.8479,WIND
30.45589,121.8421,30.45823,121.8464,WIND
30.45266,121.8407,30.45481,121.8444,WIND
30.44942,121.8391,30.4514,121.8432,WIND
30.44547,121.8374,30.44816,121.8419,WIND
30.44152,121.8362,30.44385,121.841,WIND
30.43828,121.8342,30.4408,121.8389,WIND
30.43487,121.8321,30.4372,121.838,WIND
30.43128,121.8312,30.43343,121.8362,WIND
30.42517,121.8879,30.42768,121.8919,WIND
30.4284,121.891,30.43128,121.8957,WIND
30.43182,121.8944,30.43433,121.8994,WIND
30.43523,121.8975,30.43774,121.9019,WIND
30.4381,121.9018,30.4408,121.9059,WIND
30.44134,121.905,30.44421,121.9088,WIND
30.44511,121.9084,30.44798,121.9125,WIND
30.44852,121.9122,30.45104,121.916,WIND
30.45158,121.9154,30.45409,121.919,WIND
30.45499,121.9197,30.45733,121.9226,WIND
30.45858,121.9226,30.46056,121.9273,WIND
30.46182,121.9258,30.46415,121.9294,WIND
30.46469,121.9294,30.46757,121.933,WIND
30.46793,121.9325,30.4708,121.9372,WIND
30.47134,121.9361,30.47458,121.94,WIND
30.47511,121.9391,30.47745,121.9442,WIND
30.47458,121.9461,30.47763,121.9499,WIND
30.46829,121.9458,30.47062,121.9496,WIND
30.46092,121.9461,30.46415,121.9506,WIND
30.4584,121.9422,30.46092,121.9474,WIND
30.45535,121.9384,30.45787,121.9431,WIND
30.41708,121.8955,30.4196,121.8992,WIND
30.41924,121.8991,30.42193,121.9027,WIND
30.42175,121.903,30.42391,121.9063,WIND
30.42265,121.9066,30.42535,121.9098,WIND
30.42463,121.9097,30.4275,121.9136,WIND
30.4266,121.914,30.4293,121.9172,WIND
30.42804,121.9174,30.43074,121.9212,WIND
30.43074,121.9212,30.43253,121.9244,WIND
30.43253,121.9235,30.43469,121.9276,WIND
30.43379,121.928,30.43631,121.9314,WIND
30.43559,121.9316,30.43774,121.9346,WIND
30.43828,121.9352,30.44008,121.9386,WIND
30.43972,121.9388,30.4417,121.9424,WIND
30.44152,121.9425,30.44367,121.9461,WIND
30.44385,121.946,30.44547,121.9497,WIND
30.68011,122.0559,30.6828,122.0602,WIND
30.67993,122.0503,30.68245,122.0547,WIND
30.68011,122.045,30.68245,122.0494,WIND
30.67975,122.0394,30.68209,122.0444,WIND
30.67993,122.0336,30.68209,122.0381,WIND
30.67921,122.0273,30.68209,122.0326,WIND
30.67939,122.022,30.68245,122.0259,WIND
30.67957,122.0158,30.68209,122.0207,WIND
30.67921,122.0106,30.68173,122.0148,WIND
30.67993,122.0047,30.68245,122.0088,WIND
30.69592,121.9918,30.69825,121.9957,WIND
30.69556,121.9972,30.69825,122.0009,WIND
30.69556,122.0022,30.69862,122.0067,WIND
30.69538,122.0079,30.6979,122.0128,WIND
30.69538,122.0139,30.69825,122.0185,WIND
30.6952,122.0194,30.6979,122.0247,WIND
30.69484,122.0254,30.6979,122.0304,WIND
30.69466,122.0318,30.6979,122.0365,WIND
30.69448,122.0381,30.69754,122.0426,WIND
30.6934,122.0444,30.69682,122.0489,WIND
30.69251,122.0507,30.69556,122.0548,WIND
30.68999,122.0561,30.69376,122.0617,WIND
30.71191,121.9839,30.71442,121.9891,WIND
30.71209,121.9894,30.7146,121.9936,WIND
30.71173,121.9948,30.71424,121.9995,WIND
30.71119,122.0008,30.71424,122.0054,WIND
30.71065,122.0072,30.71371,122.0115,WIND
30.71065,122.0135,30.71353,122.0185,WIND
30.71083,122.0198,30.71317,122.0239,WIND
30.71047,122.025,30.71335,122.0297,WIND
30.70993,122.0309,30.71281,122.0354,WIND
30.70993,122.0365,30.71227,122.0412,WIND
30.70886,122.0419,30.71101,122.0462,WIND
30.70652,122.0468,30.70904,122.0516,WIND
30.70562,122.052,30.70814,122.0565,WIND
30.70221,122.0556,30.70526,122.0604,WIND
30.73473,121.9844,30.73706,121.99,WIND
30.73491,121.9955,30.73742,122.0011,WIND
30.73491,122.007,30.73706,122.0123,WIND
30.75305,121.981,30.75575,121.9855,WIND
30.75359,121.988,30.75539,121.9918,WIND
30.74533,121.9946,30.74748,121.9999,WIND
30.74515,122.0006,30.7473,122.0052,WIND
30.74479,122.0058,30.7473,122.0106,WIND
30.74515,122.0119,30.74748,122.0164,WIND
30.74533,122.0173,30.74748,122.0218,WIND
30.74479,122.023,30.74784,122.0272,WIND
30.75395,121.9932,30.75611,121.9977,WIND
30.75521,121.9986,30.757,122.0035,WIND
30.75611,122.0038,30.75844,122.0081,WIND
30.75665,122.0092,30.75952,122.0135,WIND
30.75862,122.0142,30.76078,122.0184,WIND
30.75898,122.0196,30.76114,122.0234,WIND
30.76006,122.0247,30.76293,122.0284,WIND
30.75988,121.9787,30.7624,121.9823,WIND
30.76078,121.9831,30.76329,121.9875,WIND
30.76186,121.9882,30.76473,121.9927,WIND
30.76347,121.9941,30.76563,121.9981,WIND
30.76401,121.999,30.76671,122.0029,WIND
30.76491,122.0042,30.7676,122.0085,WIND
30.76617,122.0096,30.76904,122.0133,WIND
30.76707,122.0146,30.76994,122.0191,WIND
30.76832,121.9734,30.77066,121.9778,WIND
30.7694,121.9787,30.77174,121.9819,WIND
30.7703,121.9837,30.77282,121.988,WIND
30.7712,121.9887,30.77353,121.9929,WIND
30.77228,121.9938,30.77461,121.9986,WIND
30.77407,121.9991,30.77605,122.0036,WIND
30.77497,122.0042,30.77713,122.0083,WIND
30.77569,122.0094,30.77803,122.0139,WIND
30.77587,121.9679,30.77874,121.9729,WIND
30.77749,121.9731,30.78036,121.9778,WIND
30.77874,121.9787,30.78108,121.9826,WIND
30.77982,121.9837,30.78216,121.9876,WIND
30.7809,121.9891,30.78324,121.9932,WIND
30.7818,121.9945,30.78431,121.9981,WIND
30.78306,121.9993,30.78521,122.0038,WIND
30.78952,121.9603,30.79186,121.9645,WIND
30.79078,121.9666,30.79276,121.9709,WIND
30.76509,121.9488,30.76832,121.954,WIND
30.75665,121.9539,30.75862,121.9587,WIND
30.75431,121.947,30.75665,121.9512,WIND
30.75108,121.9393,30.75395,121.9443,WIND
30.76311,121.9422,30.76563,121.9469,WIND
30.76078,121.9352,30.76311,121.9393,WIND
30.75772,121.9258,30.75988,121.9305,WIND
30.7482,121.9305,30.75108,121.9361,WIND
30.74622,121.9221,30.74838,121.9273,WIND
30.74299,121.9158,30.74551,121.9197,WIND
30.75287,121.9113,30.75503,121.9152,WIND
30.75485,121.9183,30.757,121.9231,WIND
30.77605,121.9018,30.77803,121.9068,WIND
30.77731,121.9089,30.77946,121.9138,WIND
30.77892,121.9172,30.78108,121.9208,WIND
30.78054,121.9248,30.7827,121.9287,WIND
30.78216,121.9319,30.78449,121.9361,WIND
30.78342,121.9395,30.78629,121.9433,WIND
30.79042,121.9348,30.79294,121.9404,WIND
30.79024,121.9257,30.79276,121.93,WIND
30.78881,121.9154,30.79078,121.9199,WIND
30.78593,121.9063,30.78845,121.91,WIND
30.78413,121.8978,30.78701,121.9027,WIND
30.79294,121.8951,30.79563,121.8996,WIND
30.79455,121.9034,30.79761,121.9079,WIND
30.79653,121.9125,30.79905,121.9167,WIND
30.79869,121.921,30.80066,121.9255,WIND
30.79995,121.9303,30.80246,121.9346,WIND
30.79941,121.8904,30.80228,121.8957,WIND
30.80138,121.8973,30.80408,121.9025,WIND
30.80444,121.9037,30.80605,121.9089,WIND
30.80821,121.8874,30.81037,121.8921,WIND
30.80929,121.8935,30.81252,121.8987,WIND
30.81126,121.9007,30.81342,121.9054,WIND
30.77479,121.7598,30.77713,121.765,WIND
30.77569,121.7668,30.77857,121.7713,WIND
30.75844,121.7614,30.7606,121.7665,WIND
30.75988,121.7724,30.76186,121.7773,WIND
30.76186,121.7826,30.76419,121.7877,WIND
30.74245,121.7634,30.74461,121.7679,WIND
30.74389,121.7742,30.74658,121.7791,WIND
30.74569,121.7846,30.74856,121.7897,WIND
30.72574,121.7649,30.72844,121.7694,WIND
30.72736,121.7726,30.72952,121.7769,WIND
30.72898,121.7792,30.73149,121.7834,WIND
30.73042,121.7866,30.73257,121.7911,WIND
30.71299,121.7665,30.71514,121.7711,WIND
30.71083,121.7742,30.71335,121.7791,WIND
30.71299,121.781,30.71514,121.7862,WIND
30.71424,121.7888,30.7173,121.7936,WIND
30.72502,121.8073,30.72736,121.811,WIND
30.7261,121.8134,30.7288,121.8171,WIND
30.72754,121.8188,30.73024,121.8225,WIND
30.7288,121.8241,30.73149,121.8283,WIND
30.73006,121.8303,30.73257,121.8346,WIND
30.73131,121.836,30.73383,121.84,WIND
30.74389,121.8062,30.74658,121.8107,WIND
30.74515,121.8123,30.74802,121.8171,WIND
30.74658,121.8188,30.74874,121.8236,WIND
30.74748,121.8252,30.75072,121.8297,WIND
30.74946,121.8322,30.75144,121.8364,WIND
30.76275,121.8047,30.76509,121.8094,WIND
30.76365,121.8105,30.76581,121.8153,WIND
30.76491,121.8164,30.76707,121.8215,WIND
30.76581,121.8236,30.76814,121.827,WIND
30.76743,121.8285,30.76976,121.834,WIND
30.89409,122.083,30.8957,122.0868,WIND
30.88762,122.0874,30.88906,122.0908,WIND
30.88241,122.0929,30.88403,122.0967,WIND
30.88313,122.1014,30.88475,122.1046,WIND
30.88942,122.0963,30.89103,122.0996,WIND
30.89642,122.0918,30.89822,122.0954,WIND
30.90361,122.0888,30.90523,122.0924,WIND
30.88564,122.1095,30.88744,122.113,WIND
30.89283,122.1084,30.89481,122.112,WIND
30.89948,122.1041,30.90163,122.1077,WIND
30.9063,122.0987,30.90864,122.1028,WIND
30.91277,122.094,30.91421,122.0971,WIND
30.88816,122.1188,30.88996,122.1229,WIND
30.89481,122.1208,30.89678,122.1249,WIND
30.89606,122.1307,30.89804,122.1342,WIND
30.90217,122.117,30.90415,122.1202,WIND
30.90936,122.1125,30.91134,122.1163,WIND
30.91583,122.1075,30.91798,122.1112,WIND
30.9214,122.0967,30.92373,122.101,WIND
30.90397,122.1285,30.90577,122.1323,WIND
30.91205,122.1256,30.91367,122.1296,WIND
30.9099,122.1364,30.91187,122.1398,WIND
30.91727,122.1202,30.91942,122.1242,WIND
30.92481,122.1125,30.92661,122.1159,WIND
30.92032,122.131,30.92212,122.1342,WIND
30.91834,122.1395,30.9205,122.1432,WIND
30.92517,122.1427,30.92715,122.1465,WIND
30.92876,122.1308,30.93074,122.1344,WIND
30.93254,122.1393,30.93433,122.1429,WIND
30.93559,122.1265,30.93775,122.1301,WIND
30.93523,122.113,30.93703,122.1166,WIND
30.93397,122.1033,30.93595,122.1071,WIND
30.94385,122.1082,30.94583,122.1118,WIND
30.94942,122.1184,30.95122,122.1224,WIND
30.94206,122.1226,30.94439,122.1262,WIND
30.94745,122.1303,30.94942,122.1339,WIND
30.93918,122.135,30.94134,122.1387,WIND
30.94727,122.142,30.94889,122.1456,WIND
30.94008,122.1461,30.94206,122.1495,WIND
30.95643,122.1251,30.95823,122.1283,WIND
30.95643,122.1147,30.95823,122.1183,WIND
30.96577,122.1193,30.96739,122.1227,WIND
30.96182,122.1335,30.9638,122.1369,WIND
30.95445,122.1378,30.95643,122.1413,WIND
30.94835,122.1522,30.95014,122.1556,WIND
30.95535,122.1481,30.95715,122.1517,WIND
30.96272,122.1439,30.96452,122.147,WIND
30.96901,122.1292,30.9708,122.1332,WIND
30.97584,122.1245,30.97781,122.1283,WIND
30.98266,122.1274,30.98428,122.131,WIND
30.97673,122.1353,30.97871,122.1386,WIND
30.96973,122.1393,30.97152,122.1429,WIND
30.9744,122.1474,30.97601,122.1508,WIND
30.96667,122.151,30.96901,122.1549,WIND
30.95931,122.1556,30.96164,122.1596,WIND
30.96829,122.1603,30.9708,122.1644,WIND
29.57725,122.1583,29.57941,122.1622,WIND
29.57815,122.1624,29.57994,122.1658,WIND
29.57905,122.1664,29.58084,122.1696,WIND
29.58012,122.1705,29.58156,122.1736,WIND
29.58048,122.1746,29.58228,122.1779,WIND
29.5812,122.1786,29.583,122.1822,WIND
29.58228,122.1829,29.5839,122.1861,WIND
29.58282,122.187,29.5848,122.1903,WIND
29.5839,122.1908,29.58551,122.1942,WIND
29.58444,122.1948,29.58641,122.198,WIND
29.58534,122.1987,29.58695,122.2023,WIND
29.58605,122.203,29.58767,122.2063,WIND
29.58695,122.2073,29.58857,122.2104,WIND
29.58785,122.2113,29.58947,122.2145,WIND
29.58857,122.2151,29.59036,122.2185,WIND
29.58947,122.219,29.59108,122.2224,WIND
29.59001,122.223,29.59198,122.2267,WIND
29.59054,122.2273,29.5927,122.2305,WIND
29.59144,122.2311,29.59342,122.2345,WIND
29.59234,122.2352,29.59432,122.2386,WIND
29.59288,122.2395,29.59486,122.2424,WIND
29.59378,122.2435,29.59576,122.2467,WIND
29.59396,122.2485,29.59576,122.2519,WIND
29.5936,122.2526,29.59611,122.2557,WIND
29.59378,122.2568,29.59629,122.2602,WIND
29.59414,122.2607,29.59611,122.2643,WIND
29.56054,122.1734,29.5627,122.1768,WIND
29.56144,122.1773,29.56377,122.1808,WIND
29.56234,122.1813,29.56431,122.1843,WIND
29.56324,122.1851,29.56503,122.1883,WIND
29.56431,122.1888,29.56593,122.1924,WIND
29.56467,122.1926,29.56665,122.196,WIND
29.56557,122.1966,29.56737,122.1998,WIND
29.56629,122.2005,29.56845,122.2039,WIND
29.56665,122.2045,29.56863,122.2079,WIND
29.56791,122.2082,29.56988,122.2118,WIND
29.56845,122.2124,29.57042,122.2156,WIND
29.56952,122.2163,29.57168,122.2192,WIND
29.56988,122.2197,29.57186,122.2237,WIND
29.57078,122.2241,29.57258,122.2275,WIND
29.5715,122.2282,29.57312,122.2314,WIND
29.57222,122.232,29.57384,122.235,WIND
29.57294,122.2356,29.57491,122.2391,WIND
29.57366,122.2397,29.57545,122.2431,WIND
29.57437,122.2435,29.57653,122.2471,WIND
29.57509,122.2474,29.57707,122.251,WIND
29.57509,122.2515,29.57707,122.2548,WIND
29.57509,122.2555,29.57689,122.2585,WIND
29.57509,122.2594,29.57689,122.2629,WIND
29.59414,122.2648,29.59611,122.2683,WIND
29.59432,122.2688,29.59594,122.272,WIND
29.59414,122.2727,29.59611,122.276,WIND
29.59414,122.2769,29.59594,122.2801,WIND
29.59414,122.2808,29.59611,122.2846,WIND
29.59432,122.2848,29.59611,122.2886,WIND
29.59432,122.2891,29.59594,122.2925,WIND
29.59432,122.293,29.59629,122.2968,WIND
29.57527,122.2634,29.57689,122.2666,WIND
29.57509,122.2674,29.57689,122.2711,WIND
29.57545,122.2717,29.57707,122.2747,WIND
29.57527,122.2751,29.57707,122.279,WIND
29.57563,122.2797,29.57743,122.2832,WIND
29.57527,122.2833,29.57743,122.2873,WIND
29.09773,122.0228,29.09989,122.0271,WIND
29.09755,122.0286,29.09989,122.0331,WIND
29.09791,122.0347,29.10024,122.0385,WIND
29.09791,122.0406,29.10007,122.0446,WIND
29.09755,122.0469,29.10007,122.051,WIND
29.09809,122.0525,29.09989,122.0568,WIND
29.09809,122.0579,29.10024,122.0618,WIND
29.08246,122.0156,29.08479,122.02,WIND
29.08264,122.0212,29.08497,122.0244,WIND
29.08282,122.0264,29.08497,122.0304,WIND
29.08246,122.0318,29.08533,122.0356,WIND
29.083,122.0367,29.08551,122.0408,WIND
29.083,122.0421,29.08551,122.0464,WIND
29.08282,122.0474,29.08551,122.0516,WIND
29.08318,122.0525,29.08551,122.0575,WIND
29.06629,122.007,29.06862,122.0117,WIND
29.06665,122.0128,29.0688,122.0171,WIND
29.06683,122.0187,29.06952,122.0227,WIND
29.06647,122.0244,29.06898,122.0286,WIND
29.06683,122.0307,29.0688,122.0341,WIND
29.06665,122.0361,29.06898,122.0404,WIND
29.06683,122.0419,29.06934,122.046,WIND
29.06719,122.0476,29.06952,122.051,WIND
29.05084,121.9993,29.05263,122.0032,WIND
29.05102,122.0047,29.05299,122.009,WIND
29.05084,122.016,29.05263,122.0207,WIND
29.05102,122.0214,29.05281,122.0257,WIND
29.0512,122.0264,29.05317,122.0298,WIND
29.0512,122.0313,29.05335,122.0356,WIND
29.05102,122.0368,29.05353,122.0408,WIND
29.05102,122.0422,29.05317,122.0462,WIND
29.0379,122.0095,29.03952,122.0133,WIND
29.0379,122.0156,29.04006,122.0203,WIND
29.03574,122.0209,29.0379,122.025,WIND
29.03592,122.0259,29.0379,122.0304,WIND
29.03592,122.0315,29.03808,122.0358,WIND
29.03628,122.0367,29.03826,122.0412,WIND
29.03161,121.9892,29.03413,121.9937,WIND
29.03179,121.9948,29.03395,121.9993,WIND
29.03161,122.0002,29.03395,122.004,WIND
29.03197,122.0052,29.03431,122.0097,WIND
29.05066,122.0104,29.05281,122.014,WIND
39.439335,123.487779,39.44221,123.493169,WIND
39.439515,123.481311,39.44221,123.485982,WIND
39.439695,123.474484,39.44221,123.479335,WIND
39.439695,123.467656,39.44221,123.471968,WIND
39.439695,123.494786,39.44203,123.499636,WIND
39.439874,123.460829,39.441491,123.465141,WIND
39.439695,123.453822,39.441851,123.458853,WIND
39.439695,123.447175,39.441851,123.451487,WIND
39.439695,123.440168,39.441671,123.44466,WIND
39.439874,123.433341,39.441671,123.438192,WIND
39.439695,123.426693,39.441851,123.430826,WIND
39.439695,123.419686,39.441671,123.424178,WIND
39.439695,123.412859,39.441671,123.417171,WIND
39.439874,123.406032,39.441671,123.410524,WIND
39.439695,123.399205,39.441671,123.403517,WIND
39.417417,123.399205,39.419034,123.403517,WIND
39.400169,123.392198,39.401786,123.396869,WIND
39.39406,123.384832,39.395677,123.389503,WIND
39.388311,123.377286,39.389928,123.381598,WIND
39.384538,123.404056,39.386335,123.408547,WIND
39.380945,123.39633,39.382921,123.401001,WIND
39.377531,123.388784,39.379508,123.393635,WIND
39.374118,123.381239,39.375914,123.386089,WIND
39.370704,123.373693,39.372321,123.378544,WIND
39.36747,123.366147,39.369087,123.370818,WIND
39.363697,123.358601,39.365314,123.362913,WIND
39.37304,123.349618,39.375016,123.35393,WIND
39.373219,123.340994,39.374836,123.345486,WIND
39.373219,123.332191,39.375016,123.336862,WIND
39.373219,123.323567,39.374836,123.328238,WIND
39.373219,123.314943,39.375016,123.319614,WIND
39.360284,123.350875,39.36226,123.355726,WIND
39.35669,123.34333,39.358667,123.348181,WIND
39.353277,123.335784,39.355253,123.340814,WIND
39.353097,123.329136,39.355253,123.333628,WIND
39.353097,123.322848,39.355253,123.32734,WIND
39.353456,123.315841,39.355253,123.320512,WIND
39.37304,123.306319,39.375196,123.31099,WIND
39.353277,123.309014,39.355253,123.314045,WIND
39.353277,123.302366,39.355253,123.307217,WIND
39.391365,123.418788,39.393342,123.423639,WIND
39.394959,123.426693,39.396935,123.431365,WIND
39.398372,123.434419,39.400528,123.43909,WIND
39.401966,123.441965,39.404121,123.446995,WIND
39.405379,123.449331,39.407355,123.454182,WIND
39.408793,123.457595,39.410949,123.461728,WIND
39.412386,123.464602,39.414362,123.469273,WIND
39.4158,123.471968,39.417956,123.476999,WIND
39.419393,123.479514,39.421369,123.484365,WIND
39.422627,123.48724,39.424603,123.49245,WIND
39.425861,123.494965,39.428196,123.499636,WIND
39.468261,123.384652,39.470237,123.389503,WIND
39.468261,123.37531,39.470417,123.379981,WIND
39.468261,123.365967,39.470237,123.370818,WIND
39.468441,123.356804,39.470597,123.361476,WIND
39.468261,123.346564,39.470417,123.351055,WIND
39.468082,123.335604,39.470237,123.340455,WIND
39.468261,123.32698,39.470237,123.332011,WIND
39.468261,123.318356,39.470237,123.323028,WIND
39.477963,123.386269,39.479939,123.39094,WIND
39.478143,123.378364,39.479939,123.383035,WIND
39.477963,123.369201,39.480119,123.373872,WIND
39.478143,123.360757,39.480119,123.364889,WIND
39.478143,123.351055,39.480119,123.355367,WIND
39.478322,123.341174,39.480299,123.346204,WIND
39.478143,123.326441,39.480119,123.331113,WIND
39.488922,123.383394,39.491078,123.388066,WIND
39.488743,123.376208,39.491078,123.380161,WIND
39.488922,123.368303,39.491078,123.372615,WIND
39.488922,123.360757,39.490899,123.365249,WIND
39.489102,123.35357,39.491078,123.357703,WIND
39.486946,123.346564,39.488922,123.350875,WIND
39.488383,123.338658,39.49036,123.34315,WIND
39.488204,123.330753,39.49,123.335784,WIND
39.488383,123.322309,39.49036,123.32698,WIND
39.499702,123.34854,39.501679,123.353031,WIND
39.499882,123.355726,39.501499,123.360218,WIND
39.500062,123.363452,39.501499,123.367764,WIND
39.499882,123.370998,39.501858,123.37531,WIND
39.499702,123.378723,39.501499,123.382676,WIND
39.499882,123.386089,39.501679,123.390581,WIND
39.509404,123.38591,39.51138,123.389862,WIND
39.512279,123.376208,39.514435,123.38034,WIND
39.512638,123.368482,39.514794,123.372615,WIND
39.513357,123.360937,39.515333,123.365249,WIND
39.515513,123.353391,39.517489,123.357523,WIND
39.510841,123.346564,39.512818,123.350875,WIND
39.514614,123.334885,39.516591,123.339557,WIND
39.522699,123.338299,39.524675,123.342611,WIND
39.522699,123.330753,39.524675,123.335245,WIND
39.514435,123.322309,39.516231,123.326441,WIND
39.524136,123.38555,39.526292,123.389683,WIND
39.525214,123.378364,39.52737,123.382496,WIND
39.527011,123.370818,39.528987,123.374771,WIND
39.528269,123.363093,39.530065,123.367225,WIND
39.529167,123.356086,39.530964,123.360218,WIND
39.530604,123.348001,39.532401,123.352133,WIND
39.532042,123.340455,39.533838,123.344587,WIND
39.531862,123.332909,39.533838,123.337221,WIND
39.533659,123.324824,39.535455,123.328777,WIND
39.529347,123.317817,39.531143,123.32195,WIND
39.541923,123.323387,39.54372,123.327699,WIND
39.539408,123.330933,39.541204,123.335424,WIND
39.540845,123.338119,39.542642,123.342072,WIND
39.539947,123.345845,39.541923,123.350157,WIND
39.539048,123.35375,39.541025,123.357882,WIND
39.537431,123.361296,39.539408,123.365428,WIND
39.536174,123.369021,39.53797,123.372974,WIND
39.535096,123.376208,39.536892,123.38034,WIND
39.533838,123.383933,39.535455,123.388066,WIND
39.544618,123.3162,39.546594,123.320153,WIND
39.535994,123.315302,39.53797,123.319075,WIND
39.528808,123.307577,39.530604,123.311709,WIND
39.522519,123.299133,39.524496,123.303804,WIND
39.538869,123.299312,39.540665,123.303444,WIND
39.537252,123.307936,39.539228,123.312068,WIND
39.547672,123.30057,39.549649,123.304702,WIND
39.545876,123.308295,39.547672,123.312607,WIND
39.488383,123.313506,39.49036,123.318356,WIND
39.488204,123.304343,39.490539,123.309553,WIND
39.478502,123.310092,39.480478,123.314943,WIND
39.478322,123.298773,39.480478,123.303444,WIND
39.468082,123.301109,39.470237,123.30578,WIND
39.514614,123.173189,39.516591,123.178219,WIND
39.514435,123.179477,39.516591,123.184148,WIND
39.514255,123.186304,39.51677,123.190975,WIND
39.514075,123.192592,39.516231,123.197443,WIND
39.514614,123.198881,39.51677,123.203731,WIND
39.514614,123.205348,39.516591,123.21002,WIND
39.514614,123.211637,39.516591,123.216128,WIND
39.514435,123.218104,39.516591,123.222955,WIND
39.514075,123.224752,39.516411,123.229244,WIND
39.514435,123.230861,39.516411,123.235891,WIND
39.500601,123.173368,39.502577,123.178399,WIND
39.50078,123.181992,39.502577,123.186663,WIND
39.500421,123.190796,39.502397,123.195826,WIND
39.500421,123.199779,39.502756,123.20445,WIND
39.500421,123.208582,39.502038,123.213613,WIND
39.500601,123.217026,39.502397,123.222057,WIND
39.500421,123.226189,39.502577,123.230861,WIND
39.500601,123.234993,39.502577,123.239844,WIND
39.486048,123.169775,39.488204,123.174267,WIND
39.486227,123.17768,39.488204,123.182531,WIND
39.486048,123.185945,39.488204,123.190796,WIND
39.486227,123.19385,39.488024,123.19906,WIND
39.486407,123.201935,39.488383,123.206786,WIND
39.486407,123.210559,39.488383,123.21541,WIND
39.486407,123.218643,39.488204,123.223494,WIND
39.486048,123.226908,39.488204,123.231579,WIND
39.486048,123.234993,39.488024,123.239844,WIND
39.472034,123.166362,39.47419,123.170853,WIND
39.471854,123.176063,39.47401,123.180735,WIND
39.471854,123.185945,39.473831,123.190436,WIND
39.471854,123.195647,39.473651,123.200138,WIND
39.471854,123.205528,39.47401,123.210199,WIND
39.472034,123.21523,39.47401,123.219901,WIND
39.472034,123.225111,39.47419,123.229783,WIND
39.472034,123.234813,39.47401,123.239664,WIND
39.457481,123.162768,39.459458,123.167439,WIND
39.457661,123.169955,39.459458,123.174446,WIND
39.457481,123.177141,39.459458,123.181813,WIND
39.457481,123.184148,39.459637,123.189358,WIND
39.457302,123.191694,39.459637,123.196186,WIND
39.457302,123.198881,39.459637,123.203552,WIND
39.457302,123.206247,39.459637,123.210738,WIND
39.457481,123.213254,39.459637,123.217925,WIND
39.457481,123.22026,39.459817,123.225111,WIND
39.457302,123.227806,39.459637,123.232657,WIND
39.457481,123.235172,39.459637,123.239664,WIND
39.443108,123.158995,39.445444,123.163846,WIND
39.442929,123.165284,39.445624,123.169775,WIND
39.443288,123.170853,39.445444,123.175345,WIND
39.443288,123.176602,39.445444,123.181274,WIND
39.443108,123.182531,39.445444,123.187202,WIND
39.443288,123.18828,39.445264,123.192772,WIND
39.443288,123.19403,39.445444,123.198881,WIND
39.443288,123.199959,39.445444,123.20463,WIND
39.443468,123.205887,39.445264,123.210559,WIND
39.443288,123.211457,39.445264,123.215949,WIND
39.443468,123.217565,39.445264,123.222057,WIND
39.443108,123.223135,39.445264,123.228166,WIND
39.443288,123.229064,39.445444,123.233915,WIND
39.443468,123.234813,39.445444,123.239664,WIND
39.580012,123.319614,39.582168,123.324465,WIND
39.581988,123.325543,39.584324,123.330035,WIND
39.584683,123.331831,39.587018,123.337041,WIND
39.587198,123.338658,39.589174,123.343509,WIND
39.590073,123.345845,39.591869,123.350516,WIND
39.592408,123.352492,39.594564,123.357343,WIND
39.594385,123.358062,39.59672,123.362913,WIND
39.596541,123.363811,39.598876,123.368303,WIND
39.598517,123.369381,39.600853,123.373872,WIND
39.600673,123.374232,39.603008,123.378723,WIND
39.602829,123.379981,39.604985,123.384652,WIND
39.605164,123.386449,39.607141,123.391659,WIND
39.592049,123.387706,39.594924,123.392557,WIND
39.579473,123.387706,39.581988,123.392737,WIND
39.566717,123.388066,39.569052,123.393096,WIND
39.567974,123.379262,39.57031,123.384113,WIND
39.569232,123.370099,39.571567,123.37495,WIND
39.570669,123.358062,39.572825,123.363272,WIND
39.572106,123.345845,39.574622,123.351774,WIND
35.47514426,126.2925065,35.4783782,126.2953811,WIND
35.48035449,126.2982557,35.48376809,126.3022083,WIND
35.48556472,126.3047235,35.48843933,126.3075982,WIND
35.49095461,126.3108321,35.49329023,126.3138864,WIND
35.49580551,126.3173,35.49868012,126.3203542,WIND
35.49185293,126.3246661,35.49472753,126.3277204,WIND
35.48861899,126.332751,35.49167326,126.3354459,WIND
35.48448674,126.3399375,35.48808,126.3428121,WIND
35.47927651,126.333829,35.4832291,126.3367036,WIND
35.4832291,126.3266424,35.4866427,126.3293374,WIND
35.48700202,126.3185576,35.49005629,126.3214322,WIND
35.47424595,126.3275408,35.47747988,126.330595,WIND
35.4783782,126.3199949,35.48125281,126.3230492,WIND
35.48233078,126.3126287,35.48520539,126.315144,WIND
35.47658157,126.3065202,35.47963584,126.3093948,WIND
35.471551,126.3000523,35.47442561,126.3029269,WIND
35.47334763,126.3138864,35.47622224,126.316761,WIND
35.46957471,126.3216119,35.47280864,126.3243068,WIND
35.4681374,126.3077778,35.47101201,126.3104728,WIND
35.46418481,126.3155033,35.46741875,126.3183779,WIND
33.36589444,126.1879583,33.3680504,126.1899346,WIND
33.36445714,126.1858023,33.3666131,126.1877786,WIND
33.36301983,126.1831074,33.36535545,126.1852633,WIND
33.36176219,126.1807718,33.36391815,126.1827481,WIND
33.35996556,126.1784361,33.36230118,126.1805921,WIND
33.35906725,126.1755615,33.36140287,126.1778972,WIND
33.35727062,126.1737649,33.35924691,126.1759209,WIND
33.35565365,126.171609,33.35762994,126.1735852,WIND
33.35439601,126.1690937,33.3563723,126.1712496,WIND
33.35277904,126.1667581,33.35475533,126.1687343,WIND
