Date,Time,MMSI,Lon,Lat,COG,SOG,VesselName,VesselType,DimA,DimB,DimC,DimD
2023-12-09,09:23:45,229177000.0,129.6575646159024,35.26405635788113,31.0,7.047279999999999,102-CHUNG_RYONG,Unknown,192.0,37.0,19.0,13.0
2023-12-09,09:23:41,229389000.0,129.74060938699014,35.050067131562955,242.9,4.989679999999999,A-ONE,Tanker,0.0,0.0,0.0,0.0
2023-12-09,09:23:42,229620000.0,128.83034833333335,35.077505,35.7,0.0,-,-,149.935,149.935,24.095,24.095
2023-12-09,09:23:37,229639000.0,128.85297431619847,34.73247653092059,176.0,5.86416,-,-,183.0,183.0,24.0,24.0
2023-12-09,09:23:42,231865000.0,129.02977204271826,35.06099741584703,299.5,0.15431999999999998,BUYANG ACE,Tanker,99.0,23.0,15.0,4.0
2023-12-09,09:23:39,235110737.0,129.0531328083026,34.84804171940233,273.2,5.45264,-,-,167.4,167.4,,
2023-12-09,09:23:40,255803680.0,128.83556687449263,34.94869305310446,310.0,4.1152,MUGUNGHWA16,Unknown,0.0,0.0,0.0,0.0
2023-12-09,09:23:42,256311000.0,129.08498333333333,35.10348333333334,325.0,0.0,-,-,0.0,0.0,0.0,0.0
2023-12-09,09:23:39,258767000.0,129.2988895917591,34.876903235140375,209.0,4.9382399999999995,SUNNY COSMOS,Cargo,84.995,84.995,12.815,12.815
2023-12-09,09:23:42,273215510.0,129.06088333333332,35.09988333333333,349.3,0.0,KORSAKOV,Cargo,0.0,0.0,0.0,0.0
2023-12-09,09:23:42,273290500.0,128.99353333333335,35.0801,0.0,0.0,306 HEE YEONG,Fishing,47.0,57.0,9.0,7.0
2023-12-09,09:23:42,273290530.0,129.06996666666666,35.0956,318.0,0.0,-,-,0.0,0.0,0.0,0.0
2023-12-09,09:23:42,273295560.0,129.05966666666666,35.103,281.8,0.0,-,-,39.0,123.0,8.0,16.0
2023-12-09,09:23:41,273295580.0,128.999085,35.057555,173.20000000000002,0.0,HIT,Fishing,0.0,0.0,0.0,0.0
2023-12-09,09:23:42,273299320.0,129.06606666666667,35.09781666666667,225.4,0.0,BIRYONG,Passenger,80.0,31.0,9.0,9.0
2023-12-09,09:23:42,273311610.0,129.01124166666668,35.06337166666667,360.0,0.0,KWANGYANG AMBITION,Cargo,92.0,11.0,11.0,5.0
2023-12-09,09:23:42,273313640.0,128.99282833333334,35.081028333333336,213.9,0.0,HARBIZ,Fishing,30.0,25.0,6.0,3.0
2023-12-09,09:23:42,273314220.0,128.99297833333333,35.082858333333334,360.0,0.0,YEONG  GWANG  HO,Unknown,20.0,34.0,9.0,1.0
2023-12-09,09:23:42,273319630.0,129.069635,35.095136339811624,0.0,0.05144,HAE BONG,TugTow,20.0,29.0,5.0,5.0
2023-12-09,09:23:41,273338020.0,129.00117666666668,35.052276666666664,226.7,0.0,CHUNG NAM 701HO,Unknown,18.0,41.0,3.0,7.0
2023-12-09,09:23:42,273358330.0,129.03165,35.09361666666667,198.5,0.0,DAEHO SEOUL,Cargo,11.0,21.0,3.0,2.0
2023-12-09,09:23:42,273358420.0,129.06611,35.097375,5.9,0.0,ORYONG 325,Fishing,10.0,30.0,5.0,7.0
2023-12-09,09:23:41,273359520.0,129.0478252361848,35.05568652488146,200.0,0.10288,SEVEN STAR,Unknown,101.0,12.0,6.0,13.0
2023-12-09,09:23:42,273359630.0,129.06512833333332,35.098013333333334,0.0,0.0,BRATTEGG,Fishing,16.0,40.0,10.0,3.0
2023-12-09,09:23:42,273372120.0,128.99294333333333,35.08239833333333,74.5,0.0,HYUNJUNG,Unknown,24.0,25.0,6.0,2.0
2023-12-09,09:23:42,273378130.0,129.00455,35.07685,219.3,0.0,-,-,93.0,27.0,6.0,10.0
2023-12-09,09:23:42,273394660.0,129.06492833333334,35.098083333333335,155.0,0.0,-,-,0.0,0.0,0.0,0.0
2023-12-09,09:23:42,273398640.0,129.00984833333334,35.065795,77.4,0.0,VYBORG,Cargo,99.0,31.0,10.0,9.0
2023-12-09,09:23:42,273398960.0,129.06608333333332,35.097433333333335,163.70000000000002,0.0,WISE CASTLE,TugTow,31.0,15.0,2.0,7.0
2023-12-09,09:23:42,273411580.0,129.00838333333334,35.06708,360.0,0.0,-,-,8.0,69.0,10.0,6.0
2023-12-09,09:23:42,273415040.0,129.02947124822944,35.0658744828359,248.1,0.15431999999999998,NEW YAKJIN HO,TugTow,75.0,15.0,4.0,11.0
2023-12-09,09:23:42,273415570.0,129.06011666666666,35.10013166666667,155.3,0.0,BEST NO.3,Fishing,53.0,18.0,6.0,6.0
2023-12-09,09:23:42,273426890.0,129.06529,35.09789833333333,298.5,0.0,MYENG JIN,Tanker,92.0,33.0,12.0,6.0
2023-12-09,09:23:42,273428770.0,129.06480666666667,35.098215,360.0,0.0,ORIENTAL PEARL VIII,Passenger,0.0,0.0,0.0,0.0
2023-12-09,09:23:42,273437330.0,129.034585,35.08718833333333,59.7,0.0,ASIA GAS,Tanker,10.0,19.0,3.0,5.0
2023-12-09,09:23:42,273440610.0,129.00778166666666,35.067881666666665,0.0,0.0,HAN GANG15,Cargo,0.0,0.0,0.0,0.0
2023-12-09,09:23:42,273443750.0,129.033935,35.0936,360.0,0.0,NO.105 DONG JIN,Unknown,0.0,0.0,0.0,0.0
2023-12-09,09:23:42,273445250.0,128.99286666666666,35.08176666666667,360.0,0.0,HEUNG A ULSAN,Cargo,0.0,0.0,0.0,0.0
2023-12-09,09:23:42,273512400.0,129.00540333333333,35.071475,360.0,0.0,-,-,99.0,54.0,14.0,8.0
2023-12-09,09:23:42,273611160.0,128.99294833989967,35.083580880936964,306.1,0.05144,YU BONG 1HO,Cargo,0.0,0.0,0.0,0.0
2023-12-09,09:23:42,273612530.0,129.04062333333334,35.05981,0.1,0.0,PILOT ORUKDO,Unknown,0.0,0.0,0.0,0.0
2023-12-09,09:23:42,273613250.0,128.999005,35.05773833333333,145.6,0.0,-,-,0.0,0.0,0.0,0.0
2023-12-09,09:23:42,273615540.0,129.00928390538832,35.05931865243693,109.2,0.05144,LAN CASTLE,Unknown,105.0,14.0,6.0,9.0
2023-12-09,09:23:41,273816020.0,129.0001,35.052566666666664,230.0,0.0,NEW WEOLMI,TugTow,108.0,45.0,15.0,7.0
2023-12-09,09:23:41,273825000.0,129.001865,35.05014,354.1,0.0,JUN STAR,Unknown,84.0,29.0,8.0,8.0
2023-12-09,09:23:42,273848100.0,128.993875,35.07998333333333,0.0,0.0,SC GUOJI            ,Tanker,27.0,93.0,10.0,9.0
2023-12-09,09:23:41,273873500.0,129.28006431169158,35.040131971402445,50.7,5.04112,-,-,23.0,23.0,8.0,1.0
2023-12-09,09:23:42,273893000.0,129.00449163975546,35.0791229211798,270.7,0.05144,DONG BO NO1,TugTow,28.0,36.0,9.0,4.0
2023-12-09,09:23:42,273894710.0,129.06017333333332,35.10030166666667,203.9,0.0,HARBIZ,Fishing,8.0,69.0,10.0,6.0
2023-12-09,09:23:42,305678000.0,129.06265,35.12468333333333,290.0,0.0,DONGJIN ACE,Tanker,35.0,69.0,7.0,9.0
2023-12-09,09:23:42,311000342.0,129.05543,35.118188333333336,9.1,0.0,JIN BU,Unknown,171.0,29.0,11.0,21.0
2023-12-09,09:23:42,311000780.0,129.094315,35.10142833333333,60.8,0.0,SONG DO,TugTow,118.0,24.0,14.0,9.0
2023-12-09,09:23:41,311691000.0,129.08198,35.038003333333336,152.6,0.0,TAE HWA NO11,Unknown,0.0,0.0,0.0,0.0
2023-12-09,09:23:41,311934000.0,129.04140828866667,35.053145544626865,138.5,0.10288,WEST CARFERRY,Cargo,10.0,17.0,2.0,7.0
2023-12-09,09:23:41,311935000.0,129.06053244151525,35.04990363156337,314.20000000000005,0.05144,HAENAROO NO.2,TugTow,95.0,15.0,12.0,5.0
2023-12-09,09:23:42,311957000.0,129.00929455262147,35.063124045605775,326.1,0.05144,SUNNY LINDEN,Cargo,114.0,26.0,19.0,1.0
2023-12-09,09:23:41,312320000.0,129.4557066746145,35.002698614727265,31.0,6.8929599999999995,NO.108 CHUNGRYONG,TugTow,15.0,20.0,6.0,4.0
2023-12-09,09:23:38,312900000.0,129.07979163117574,34.82459745650617,29.6,5.29832,HAN GANG15,Cargo,0.0,0.0,0.0,0.0
2023-12-09,09:23:41,319147600.0,129.0765560579518,35.02849851520324,268.40000000000003,0.05144,NEWANGEL,TugTow,84.0,17.0,9.0,9.0
2023-12-09,09:23:44,352001412.0,129.5727087960626,35.248925249529236,200.9,4.732479999999999,HAE SUNG,Unknown,181.0,18.0,18.0,10.0
2023-12-09,09:23:41,352001868.0,129.07016,35.036856666666665,147.8,0.0,BEST NO.3,Fishing,90.0,36.0,5.0,15.0
2023-12-09,09:23:42,352002152.0,129.1170503281033,35.07083625692976,138.4,4.681039999999999,YONGKWANG,TugTow,0.0,0.0,0.0,0.0
2023-12-09,09:23:42,352002511.0,129.48383249318192,35.11151075466505,33.2,6.481439999999999,DOO LA,Tanker,63.0,21.0,4.0,10.0
2023-12-09,09:23:42,352002616.0,129.50975275916645,35.10387893312226,75.0,7.458799999999999,-,-,10.0,22.0,4.0,3.0
2023-12-09,09:23:38,352002684.0,129.14650890191848,34.792805898587034,32.5,5.967039999999999,-,-,5.0,10.0,5.0,3.0
2023-12-09,09:23:41,353059000.0,128.88688333333334,34.999473333333334,290.0,0.0,209 DAE SUNG HO,Unknown,118.0,23.0,14.0,9.0
2023-12-09,09:23:38,353706000.0,129.03232838196217,34.82142079278327,111.8,8.693359999999998,SKY GLORY,Cargo,0.0,0.0,0.0,0.0
2023-12-09,09:23:41,354586000.0,129.11867223105898,34.994992056812244,94.8,5.19544,-,-,84.0,29.0,8.0,8.0
2023-12-09,09:23:42,355188000.0,129.07545166666668,35.103588333333335,0.0,0.0,KWANG HAE 201 HO@@@@,TugTow,80.0,31.0,9.0,9.0
2023-12-09,09:23:41,355310000.0,129.06809905553894,35.05127817115225,360.0,0.10288,-,-,12.0,18.0,3.0,5.0
2023-12-09,09:23:41,355701000.0,129.33850419591937,35.00596819054435,204.1,4.989679999999999,-,-,200.0,25.0,14.0,18.0
2023-12-09,09:23:39,356269000.0,128.79812823078376,34.85917078007848,263.3,0.10288,D-01,Unknown,235.0,61.0,18.0,28.0
2023-12-09,09:23:42,356386000.0,129.00692666666666,35.068538333333336,355.70000000000005,0.0,ODAEYANG 1HO,Unknown,110.0,13.0,8.0,8.0
2023-12-09,09:23:40,356893000.0,129.07078364002226,34.93374363092906,205.4,6.06992,DONG WOO,Unknown,152.0,42.0,17.0,11.0
2023-12-09,09:23:42,357308000.0,128.99568103680699,35.083119959551105,278.0,0.05144,-,-,10.0,30.0,5.0,5.0
2023-12-09,09:23:39,370025000.0,128.77658166666666,34.862518333333334,265.90000000000003,0.0,SM TOKYO,Cargo,235.0,61.0,20.0,26.0
2023-12-09,09:23:39,370099000.0,128.84361902925804,34.87925141466622,176.10000000000002,5.5555200000000005,ANDROMEDA,Cargo,74.0,18.0,7.0,10.0
2023-12-09,09:23:37,371002000.0,128.90143216815972,34.7049283204408,41.0,0.92592,-,-,151.0,42.0,21.0,7.0
2023-12-09,09:23:41,372047000.0,129.00134846843414,35.050472266411774,174.10000000000002,0.05144,YU JIN              ,Cargo,93.0,27.0,6.0,10.0
2023-12-09,09:23:38,372377000.0,129.29214074445485,34.83599994076028,214.2,4.57816,HYE SEONG,Unknown,192.0,33.0,24.0,8.0
2023-12-09,09:23:41,372435000.0,129.05445833333334,35.054903333333336,106.9,0.0,-,-,50.24,50.24,10.205,10.205
2023-12-09,09:23:44,372570000.0,129.43436655040216,35.25344401201428,189.3,7.15016,OCEANACE2,Unknown,120.0,17.0,7.0,18.0
2023-12-09,09:23:42,373493000.0,129.06904136161947,35.110741248086704,58.400000000000006,0.05144,-,-,25.0,10.0,7.0,7.0
2023-12-09,09:23:40,373579000.0,129.2564531730061,34.90873888242375,63.8,7.304479999999999,-,-,157.0,18.0,16.0,12.0
2023-12-09,09:23:39,373958000.0,129.11627670376765,34.85203498646443,1.5,0.6172799999999999,HANYU NURI,Tanker,132.0,29.0,11.0,13.0
2023-12-09,09:23:42,375237000.0,129.33041292147004,35.118987868567096,224.7,3.96088,NO.101 WOO SUN,TugTow,63.0,18.0,7.0,7.0
2023-12-09,09:23:42,412764090.0,128.99931056561636,35.079447082223616,348.6,2.3148,S-93,Unknown,95.0,15.0,12.0,5.0
2023-12-09,09:23:42,413218940.0,129.08983666666666,35.103435,287.8,0.0,HEUNG-A SARAH,Cargo,26.0,10.0,4.0,4.0
2023-12-09,09:23:42,413458780.0,129.05206,35.10027,181.4,0.0,HI CASTLE,TugTow,12.0,142.0,25.0,14.0
2023-12-09,09:23:42,431446000.0,129.05064,35.117216666666664,316.90000000000003,0.0,-,-,39.0,123.0,8.0,16.0
2023-12-09,09:23:42,431602232.0,129.052835,35.115921666666665,315.20000000000005,0.0,EASLINE OSAKA@@@@@@@,Cargo,41.0,129.0,12.0,12.0
2023-12-09,09:23:42,440000000.0,129.05704333333333,35.101945,0.0,0.0,OCEANACE2,Unknown,0.0,0.0,0.0,0.0
2023-12-09,09:23:42,440000120.0,129.03811666666667,35.09504166666667,235.7,0.0,ASIA GAS,Tanker,8.0,19.0,4.0,3.0
2023-12-09,09:23:41,440001020.0,128.93621788627473,35.00162044397502,255.0,3.4979199999999997,JE105SINKWANG HO,Unknown,8.0,19.0,3.0,3.0
2023-12-09,09:23:41,440001250.0,129.01622761616164,35.045580484037565,46.2,5.401199999999999,SEJU FRONTIER,Cargo,11.0,21.0,3.0,2.0
2023-12-09,09:23:41,440002390.0,128.98032666666666,35.05294166666667,8.3,0.0,KTS BLUE            ,Tanker,10.0,5.0,2.0,2.0
2023-12-09,09:23:42,440003210.0,129.0360503141639,35.09451408113984,79.7,0.05144,NO.11 SEYANG,Tanker,0.0,0.0,0.0,0.0
2023-12-09,09:23:43,440007070.0,129.12018333333333,35.13355,126.8,0.0,-,-,0.0,0.0,0.0,0.0
2023-12-09,09:23:41,440007170.0,128.97321735146377,35.055684473003495,210.8,0.05144,-,-,10.0,5.0,2.0,2.0
2023-12-09,09:23:41,440009900.0,128.98505635129365,35.020886400414355,62.900000000000006,3.0864,-,-,20.0,20.0,3.0,3.0
2023-12-09,09:23:42,440010800.0,129.05489,35.12265333333333,194.1,0.0,OSTROV IONY,Unknown,0.0,0.0,0.0,0.0
2023-12-09,09:23:42,440014870.0,129.091895,35.107843333333335,0.0,0.0,BONG SUNG HO,Unknown,45.0,15.0,5.0,5.0
2023-12-09,09:23:42,440014910.0,129.0688705533535,35.1048586173042,303.3,4.732479999999999,T-101 BOHAE,TugTow,5.0,10.0,5.0,3.0
2023-12-09,09:23:44,440016190.0,129.39505261755897,35.26196863181663,198.0,5.34976,NAVIOS GALAXY I,Cargo,69.0,19.0,7.0,6.0
2023-12-09,09:23:42,440016540.0,128.83770407193654,35.07488915553777,271.2,5.9155999999999995,ONE STAR,TugTow,27.0,93.0,10.0,9.0
2023-12-09,09:23:42,440020260.0,129.03939022795737,35.10267757865189,128.5,0.05144,-,-,10.0,22.0,4.0,3.0
2023-12-09,09:23:42,440030820.0,129.06848166666666,35.10970666666667,220.1,0.0,-,-,10.0,22.0,4.0,3.0
2023-12-09,09:23:42,440036020.0,129.20999950629044,35.133288319824246,38.5,6.84152,-,-,12.0,13.0,3.0,5.0
2023-12-09,09:23:43,440041090.0,129.1185075019915,35.1413385672031,284.5,4.1152,KCG BANGJE18,Unknown,7.0,20.0,4.0,3.0
2023-12-09,09:23:42,440044920.0,129.0506517710211,35.11981815130439,339.20000000000005,0.05144,-,-,0.0,0.0,0.0,0.0
2023-12-09,09:23:44,440047230.0,129.3679174823257,35.22826116201689,27.3,3.75512,SUNJIN NO.801,TugTow,78.0,14.0,14.0,0.0
2023-12-09,09:23:42,440047430.0,129.0298377908254,35.05606081976225,217.1,2.2119199999999997,-,-,83.0,24.0,9.0,8.0
2023-12-09,09:23:42,440049630.0,129.050845,35.119805,357.6,0.0,625 DEOG YANG H0,TugTow,10.0,22.0,3.0,7.0
2023-12-09,09:23:42,440051540.0,129.0796,35.0823,322.20000000000005,0.0,EVER LIFTING,Unknown,15.0,31.0,7.0,4.0
2023-12-09,09:23:40,440053520.0,128.85795556981503,34.92210730829331,269.3,0.15431999999999998,ORIENTAL PEARL VIII,Passenger,26.0,10.0,4.0,4.0
2023-12-09,09:23:43,440053970.0,129.13061333333334,35.15427666666667,360.0,0.0,JEMIN3,Unknown,0.0,0.0,0.0,0.0
2023-12-09,09:23:42,440054010.0,129.02562666666665,35.09214,360.0,0.0,-,-,0.0,0.0,0.0,0.0
2023-12-09,09:23:42,440055000.0,129.00406166666667,35.08109,213.1,0.0,NAVIOS GALAXY I,Cargo,27.0,30.0,8.0,1.0
2023-12-09,09:23:43,440055170.0,129.17056666666667,35.15821666666667,37.5,0.0,CHANG WOO 1 HO,TugTow,6.0,20.0,3.0,3.0
2023-12-09,09:23:44,440057710.0,129.36905915256713,35.25309976640063,33.800000000000004,7.2530399999999995,HEUNG_A   TOKYO,Cargo,83.0,23.0,13.0,6.0
2023-12-09,09:23:42,440063450.0,129.05356,35.12153166666667,256.0,0.0,NO.89 KEUM SUNG,Fishing,112.0,33.0,18.0,4.0
2023-12-09,09:23:41,440075110.0,129.00178666666667,35.052435,312.5,0.0,NEW STAR,Passenger,42.0,122.0,13.0,13.0
2023-12-09,09:23:42,440078000.0,129.10833266782794,35.06682540992461,184.4,2.4691199999999998,-,-,10.0,22.0,3.0,7.0
2023-12-09,09:23:42,440100580.0,129.06574,35.10907,227.6,0.0,SAM JIN NO.1,Tanker,14.0,14.0,5.0,5.0
2023-12-09,09:23:39,440101241.0,128.89137431426843,34.88301515248115,231.2,2.72632,SAMPYO 102AIVDM,Fishing,4.0,60.0,8.0,10.0
2023-12-09,09:23:41,440101370.0,129.09774427941574,35.04858952665633,191.0,3.54936,BONG EUN,Tanker,45.0,8.0,4.0,5.0
2023-12-09,09:23:42,440102050.0,129.05026833333332,35.11977198011143,0.0,0.05144,SUNNY LAVENDER      ,Cargo,40.0,17.0,3.0,6.0
2023-12-09,09:23:43,440103150.0,129.24843464626082,35.183287161575656,41.6,5.967039999999999,-,-,25.0,10.0,2.0,5.0
2023-12-09,09:23:42,440103440.0,129.05044084874464,35.1197978253116,151.3,0.10288,BONG JIN HO,Unknown,40.0,20.0,6.0,4.0
2023-12-09,09:23:41,440103970.0,128.956204583478,34.997750546726046,257.0,3.75512,-,-,60.0,10.0,4.0,6.0
2023-12-09,09:23:42,440104340.0,129.05000247727926,35.104271693058266,42.900000000000006,2.2119199999999997,REM STAR,Fishing,7.0,20.0,3.0,3.0
2023-12-09,09:23:42,440104940.0,129.20276397955465,35.134798730966075,38.2,3.8579999999999997,25TAEYANG,TugTow,7.0,21.0,3.0,4.0
2023-12-09,09:23:42,440105210.0,129.08190610881505,35.09243327129103,298.2,8.17896,KYUNG HAE,Tanker,0.0,0.0,0.0,0.0
2023-12-09,09:23:42,440105860.0,129.03597666666667,35.093415,206.0,0.0,NO.89 KEUM SUNG,Fishing,0.0,0.0,0.0,0.0
2023-12-09,09:23:41,440107310.0,129.00375,35.04911,307.40000000000003,0.0,BOW ENGINEER,Unknown,14.0,10.0,4.0,3.0
2023-12-09,09:23:42,440107360.0,129.06688,35.108505,311.0,0.0,KTS BLUE            ,Tanker,11.0,19.0,5.0,3.0
2023-12-09,09:23:39,440107590.0,128.88830887023653,34.881094123099665,228.1,2.72632,YK T1,Unknown,6.0,17.0,4.0,3.0
2023-12-09,09:23:42,440107860.0,129.03217666666666,35.09058666666667,256.40000000000003,0.0,-,-,10.0,22.0,4.0,3.0
2023-12-09,09:23:42,440108040.0,129.02731666666668,35.089945,334.0,0.0,-,-,0.0,0.0,0.0,0.0
2023-12-09,09:23:42,440108790.0,129.050965,35.12290746270477,0.0,0.05144,A HOKEN,Cargo,0.0,0.0,0.0,0.0
2023-12-09,09:23:40,440108910.0,128.80338141065596,34.95369791745684,176.20000000000002,4.3724,625 DEOG YANG H0,TugTow,95.0,24.0,7.0,14.0
2023-12-09,09:23:42,440109540.0,129.27082811230287,35.07781898142834,174.20000000000002,4.01232,-,-,0.0,0.0,0.0,0.0
2023-12-09,09:23:42,440109710.0,129.07874166666667,35.083216666666665,264.0,0.0,SUNNY OAK,Cargo,17.0,10.0,3.0,3.0
2023-12-09,09:23:42,440110850.0,129.05245447465467,35.116703703965705,352.40000000000003,0.66872,-,-,0.0,0.0,0.0,0.0
2023-12-09,09:23:42,440110910.0,129.06553166666666,35.109365,273.0,0.0,NO 107 CHUNG RYONG,TugTow,10.0,30.0,5.0,7.0
2023-12-09,09:23:41,440111720.0,128.97325166666667,35.05581,338.70000000000005,0.0,-,-,39.0,8.0,6.0,2.0
2023-12-09,09:23:41,440112050.0,129.00039375416466,35.053526889332154,82.30000000000001,0.05144,BO HAE 1 HO,Unknown,27.0,4.0,3.0,4.0
2023-12-09,09:23:42,440112590.0,129.06618,35.10888166666667,202.5,0.0,LYDIA OLDENDORFF,Cargo,0.0,0.0,0.0,0.0
2023-12-09,09:23:42,440112730.0,128.99925981464784,35.082874694098464,140.1,0.05144,SONGWON,Tanker,12.0,16.0,3.0,5.0
2023-12-09,09:23:42,440114300.0,129.04988333333333,35.1201,74.10000000000001,0.0,KING NO.7,TugTow,31.0,15.0,2.0,7.0
2023-12-09,09:23:41,440115000.0,129.17694270222694,35.01230431482064,38.0,6.06992,SINO TRADER@@@@@@@@@,Cargo,63.0,21.0,4.0,10.0
2023-12-09,09:23:42,440116550.0,129.06929479219167,35.11083268394051,189.0,0.05144,-,-,13.0,14.0,4.0,5.0
2023-12-09,09:23:41,440117010.0,129.06044687843473,35.03451221625797,139.20000000000002,0.15431999999999998,ORYONG 325,Fishing,0.0,0.0,0.0,0.0
2023-12-09,09:23:42,440118750.0,129.06871166666667,35.110013333333335,234.5,0.0,-,-,10.0,13.0,4.0,4.0
2023-12-09,09:23:42,440118970.0,129.0664966666667,35.10870666666667,322.0,0.0,-,-,12.0,18.0,3.0,5.0
2023-12-09,09:23:42,440119550.0,129.03590833333334,35.09388,8.9,0.0,KOREA7,TugTow,10.0,30.0,5.0,7.0
2023-12-09,09:23:42,440120000.0,129.08633166666667,35.0885,360.0,0.0,JANG SUNG,Unknown,95.0,18.0,5.0,13.0
2023-12-09,09:23:39,440120860.0,128.86958723689932,34.86964669417413,219.1,5.144,NAVIOS GALAXY I,Cargo,30.0,10.0,3.0,4.0
2023-12-09,09:23:42,440120970.0,129.15507920110434,35.12591016863568,151.5,5.5555200000000005,SUNJIN NO.801,TugTow,0.0,0.0,0.0,0.0
2023-12-09,09:23:42,440121190.0,129.0262181657045,35.08688097543294,253.7,0.05144,HYUNDAI VOYAGER,Cargo,30.0,10.0,3.0,5.0
2023-12-09,09:23:43,440121350.0,129.23180587590775,35.17255444264169,212.2,3.2407199999999996,NO2 YOUNG HEUNG,TugTow,10.0,24.0,3.0,3.0
2023-12-09,09:23:42,440121510.0,129.06913666666668,35.11064833333333,161.4,0.0,NO.7SSANGYONG       ,Cargo,0.0,0.0,0.0,0.0
2023-12-09,09:23:41,440121640.0,128.97334166666667,35.0559,30.1,0.0,GLOBAL STAR,Unknown,25.0,15.0,5.0,3.0
2023-12-09,09:23:42,440123370.0,129.5648800321621,35.07734003644517,43.7,0.56584,SU WON HO,Unknown,17.0,10.0,3.0,3.0
2023-12-09,09:23:42,440123810.0,129.04557149249274,35.09948175879644,201.2,0.05144,SUSTAINABLE EARTH   ,Cargo,8.0,25.0,2.0,3.0
2023-12-09,09:23:41,440123830.0,129.17849447575102,35.00908842211759,280.5,0.82304,SUSTAINABLE EARTH   ,Cargo,10.0,5.0,2.0,2.0
2023-12-09,09:23:42,440124150.0,129.03016166666666,35.08663333333333,220.3,0.0,KMTC PUSAN,Cargo,30.0,5.0,7.0,8.0
2023-12-09,09:23:44,440124440.0,129.2653880932093,35.2123507385776,210.5,2.00616,WONJUHO,Fishing,10.0,20.0,4.0,5.0
2023-12-09,09:23:42,440124540.0,129.52875326850682,35.063979713310154,43.400000000000006,0.82304,-,-,13.0,12.0,3.0,3.0
2023-12-09,09:23:42,440127370.0,129.0353583333333,35.09287833333333,155.3,0.0,-,-,118.0,23.0,14.0,9.0
2023-12-09,09:23:42,440127670.0,129.06885505489498,35.11025455555269,230.8,0.05144,NO.11 SEYANG,Tanker,0.0,0.0,0.0,0.0
2023-12-09,09:23:42,440130070.0,129.22134349425647,35.09717080093542,2.0,0.66872,-,-,0.0,0.0,0.0,0.0
2023-12-09,09:23:36,440132930.0,128.81323599936783,34.65944398254402,234.0,4.989679999999999,ODAEYANG 1HO,Unknown,68.0,19.0,7.0,7.0
2023-12-09,09:23:42,440134620.0,129.05131388107958,35.109134445114506,215.8,4.732479999999999,HYUNJUNG,Unknown,0.0,0.0,0.0,0.0
2023-12-09,09:23:38,440134720.0,129.07640867274174,34.846996229345336,62.3,6.018479999999999,NEW YAKJIN HO,TugTow,50.0,33.0,7.0,7.0
2023-12-09,09:23:42,440134750.0,129.0508189029915,35.1192127126971,240.8,0.05144,DONGJIN ACE,Tanker,68.0,11.0,8.0,7.0
2023-12-09,09:23:42,440135870.0,129.05262666666667,35.125455,186.0,0.0,TSARITSA,Fishing,10.0,22.0,4.0,3.0
2023-12-09,09:23:42,440137230.0,129.05513666666667,35.1233,194.0,0.0,KEUMHYANG,Unknown,12.0,13.0,3.0,5.0
2023-12-09,09:23:42,440139260.0,129.069065,35.11064833333333,119.8,0.0,-,-,10.0,5.0,2.0,2.0
2023-12-09,09:23:42,440148520.0,129.0686683333333,35.11008833333333,231.8,0.0,KANG NAM 101,TugTow,15.0,20.0,6.0,4.0
2023-12-09,09:23:42,440149350.0,129.09406,35.10176166666667,359.5,0.0,BO_JANG_3,Tanker,36.0,10.0,3.0,9.0
2023-12-09,09:23:40,440149730.0,129.0242651695569,34.98037038635804,250.1,2.16048,YONG SEONG,Fishing,0.0,0.0,0.0,0.0
2023-12-09,09:23:42,440151610.0,129.06846743821913,35.11009275181047,224.1,0.05144,HAMAYUU,Passenger,10.0,19.0,3.0,5.0
2023-12-09,09:23:42,440152850.0,128.99953333333335,35.082283333333336,193.6,0.0,-,-,0.0,0.0,0.0,0.0
2023-12-09,09:23:41,440153770.0,128.96258155981616,34.99222170352525,243.3,4.01232,-,-,45.0,15.0,5.0,5.0
2023-12-09,09:23:41,440153850.0,128.84045321804942,34.98482353451192,270.2,4.6296,ZENITH ORION,Cargo,10.0,19.0,5.0,4.0
2023-12-09,09:23:40,440154360.0,128.9552478202063,34.93462364275825,268.40000000000003,4.47528,CHIPOLBROK SUN,Cargo,20.0,10.0,2.0,2.0
2023-12-09,09:23:42,440154430.0,129.0777928250285,35.09199381431577,215.9,0.05144,KCG BANGJE18,Unknown,66.0,16.0,8.0,7.0
2023-12-09,09:23:42,440154950.0,129.05089053091254,35.12150354593901,254.0,0.05144,ATWOOD ADMIRAL,Unknown,5.0,10.0,5.0,3.0
2023-12-09,09:23:41,440155350.0,129.04145190786568,35.04843984037688,271.1,0.10288,-,-,43.0,18.0,6.0,4.0
2023-12-09,09:23:42,440155380.0,129.05306666666667,35.123538333333336,227.9,0.0,@@@@@@@@@@@@@@@@@@@@,Unknown,30.0,10.0,4.0,5.0
2023-12-09,09:23:42,440156960.0,129.08611968012028,35.097604451740644,120.0,4.989679999999999,PORD,Unknown,0.0,0.0,0.0,0.0
2023-12-09,09:23:42,440167740.0,129.05088166666667,35.12334666666667,114.9,0.0,121,Unknown,0.0,0.0,0.0,0.0
2023-12-09,09:23:42,440177930.0,129.08286666666666,35.07011,360.0,0.0,2020HAN JIN HO      ,Fishing,15.0,31.0,7.0,4.0
2023-12-09,09:23:42,440190080.0,129.0626853323639,35.10684506139566,125.7,5.144,-,-,45.0,15.0,6.0,4.0
2023-12-09,09:23:42,440191250.0,129.02826166666668,35.08592,193.6,0.0,BANGJE21,Unknown,0.0,0.0,0.0,0.0
2023-12-09,09:23:42,440191790.0,129.05048166666666,35.11975833333333,212.9,0.0,-,-,0.0,0.0,9.0,9.0
2023-12-09,09:23:41,440197030.0,129.011435,35.05275833333334,0.0,0.0,-,-,68.0,11.0,8.0,7.0
2023-12-09,09:23:42,440200060.0,129.065415,35.10935666666666,350.90000000000003,0.0,-,-,0.0,0.0,0.0,0.0
2023-12-09,09:23:42,440200113.0,129.08268948524986,35.08442517661875,301.3,0.05144,-,-,5.0,5.0,13.0,37.0
2023-12-09,09:23:42,440208580.0,129.05093333333335,35.122005,0.0,0.0,ASIA GAS,Tanker,0.0,0.0,9.0,9.0
2023-12-09,09:23:39,440229000.0,129.26171861142475,34.901523201083364,234.6,5.34976,-,-,0.0,0.0,9.0,9.0
2023-12-09,09:23:39,440234000.0,129.1597958720551,34.90031312009351,32.1,0.56584,SONGWON,Tanker,22.0,49.0,4.0,7.0
2023-12-09,09:23:42,440300350.0,129.00541872840168,35.07631116211035,90.9,0.2572,KOREA NO.2,TugTow,12.0,17.0,4.0,5.0
2023-12-09,09:23:41,440300670.0,129.00361,35.048921666666665,355.70000000000005,0.0,META NO1,Unknown,40.0,39.0,16.0,16.0
2023-12-09,09:23:42,440300740.0,129.06982677850195,35.09548179072455,176.9,0.05144,HYUNDAI COURAGE,Cargo,26.0,10.0,4.0,4.0
2023-12-09,09:23:42,440305640.0,129.09052666666668,35.103915,359.90000000000003,0.0,-,-,94.0,26.0,11.0,9.0
2023-12-09,09:23:42,440308580.0,129.05241482334475,35.13028193792275,334.70000000000005,1.1831199999999997,DAE YANG,Fishing,15.0,8.0,2.0,4.0
2023-12-09,09:23:43,440310510.0,129.39199031678098,35.16356631986526,38.0,5.60696,DOO LA,Tanker,90.0,36.0,5.0,15.0
2023-12-09,09:23:42,440312990.0,129.05459254742476,35.118613041983615,114.7,2.67488,YEONG  GWANG  HO,Unknown,0.0,0.0,0.0,0.0
2023-12-09,09:23:42,440313260.0,129.066245,35.10897666666666,215.2,0.0,-,-,10.0,17.0,2.0,7.0
2023-12-09,09:23:42,440319740.0,128.99973333333332,35.08345,150.20000000000002,0.0,SEVEN STAR,Unknown,10.0,22.0,3.0,7.0
2023-12-09,09:23:42,440322010.0,129.05556166666668,35.107656666666664,0.0,0.0,-,-,0.0,0.0,0.0,0.0
2023-12-09,09:23:42,440322380.0,129.05146333333334,35.12243333333333,140.70000000000002,0.0,NO.11 SEYANG,Tanker,40.0,9.0,5.0,3.0
2023-12-09,09:23:41,440326370.0,128.99835666666667,35.054965,221.8,0.0,SUN JIN NO.303,TugTow,0.0,0.0,0.0,0.0
2023-12-09,09:23:39,440329980.0,128.94684043269268,34.89085775327997,20.8,0.15431999999999998,RICH OCEAN@@@@@@@@@@,Cargo,0.0,0.0,0.0,0.0
2023-12-09,09:23:42,440331750.0,129.09248,35.108243333333334,103.2,0.0,BO_JANG_3,Tanker,40.0,20.0,6.0,4.0
2023-12-09,09:23:42,440333660.0,129.03388516220986,35.05102818791273,175.3,4.6296,JAGALCHI CRUISE,Passenger,8.0,30.0,5.0,4.0
2023-12-09,09:23:42,440333980.0,129.2014474870467,35.13480093671548,32.7,4.01232,NO.1EUNHEE          ,Tanker,65.0,5.0,5.0,5.0
2023-12-09,09:23:42,440335000.0,129.093765,35.106273333333334,354.6,0.0,YEON PYEONG NO2,Unknown,95.0,18.0,5.0,13.0
2023-12-09,09:23:43,440360000.0,129.114565,35.134056666666666,306.3,0.0,BEEN STAR,Unknown,26.0,44.0,6.0,7.0
2023-12-09,09:23:42,440400900.0,129.05033833333334,35.119931666666666,187.5,0.0,306 HEE YEONG,Fishing,63.0,21.0,4.0,10.0
2023-12-09,09:23:42,440401000.0,129.0768286509968,35.0986138922718,125.6,5.04112,SUN JIN NO.3,TugTow,112.0,29.0,17.0,8.0
2023-12-09,09:23:39,440401350.0,128.94472442128347,34.8894754868601,48.3,0.5144,CHEONG YANG,Unknown,0.0,0.0,0.0,0.0
2023-12-09,09:23:39,440406180.0,128.93818305184146,34.89944389580196,148.4,2.4691199999999998,JAGALCHI CRUISE,Passenger,5.0,10.0,5.0,3.0
2023-12-09,09:23:42,440412320.0,128.80821117193773,35.0719261074304,326.0,2.9835199999999995,GALAXY CASTLE,TugTow,157.0,18.0,16.0,12.0
2023-12-09,09:23:42,440464000.0,129.06648166666668,35.09726833333333,283.7,0.0,-,-,85.0,57.0,10.0,10.0
2023-12-09,09:23:42,440503100.0,129.08266666666665,35.09021666666667,358.0,0.0,-,-,97.0,21.0,5.0,14.0
2023-12-09,09:23:42,440505620.0,129.05180833333333,35.12257,339.40000000000003,0.0,DONG BO NO1,TugTow,47.0,57.0,9.0,7.0
2023-12-09,09:23:42,440567000.0,129.06255883628532,35.120321383261334,55.900000000000006,1.0288,SKY BEAUTY,Cargo,83.0,24.0,9.0,8.0
2023-12-09,09:23:42,440600017.0,129.05333666666667,35.100625,197.5,0.0,107DEUKMYEONG,Fishing,10.0,30.0,5.0,7.0
2023-12-09,09:23:41,440600350.0,129.10745801376987,35.023206930981736,197.4,5.246879999999999,-,-,0.0,0.0,0.0,0.0
2023-12-09,09:23:42,440605000.0,129.08045851470226,35.082626334140095,197.6,0.05144,JEMIN3,Unknown,0.0,0.0,0.0,0.0
2023-12-09,09:23:42,440686000.0,129.00510333333332,35.071313333333336,190.0,0.0,KOREACOASTGUARD 3005,Fishing,110.0,36.0,9.0,9.0
2023-12-09,09:23:41,440709700.0,129.06023426137446,35.034994067615564,329.0,0.05144,DAESUNG NO.7,TugTow,12.0,13.0,3.0,5.0
2023-12-09,09:23:42,440714100.0,129.050935,35.11942333333333,310.5,0.0,SD GLORIA           ,Cargo,112.0,29.0,17.0,8.0
2023-12-09,09:23:42,440716700.0,129.04865333333333,35.10024666666666,237.2,0.0,-,-,83.0,24.0,9.0,8.0
2023-12-09,09:23:42,440873000.0,129.03898,35.10158666666667,187.0,0.0,SUNNY COSMOS,Cargo,35.0,69.0,7.0,9.0
2023-12-09,09:23:41,440874000.0,128.98318,35.052663333333335,117.7,0.0,KOREA.NO.3,TugTow,0.0,0.0,0.0,0.0
2023-12-09,09:23:42,440919000.0,129.01149833333332,35.064528333333335,21.200000000000003,0.0,SUN JIN NO.3,TugTow,25.0,25.0,8.0,8.0
2023-12-09,09:23:42,440956000.0,129.08674520192886,35.07690988016247,305.0,0.05144,DAE MYEONG HO,TugTow,45.0,72.0,7.0,11.0
2023-12-09,09:23:42,440965000.0,129.0948732482624,35.09764494857412,270.7,0.05144,BIRYONG,Passenger,0.0,0.0,0.0,0.0
2023-12-09,09:23:42,440999999.0,129.05028888320777,35.10431410396829,68.9,2.9835199999999995,S-92,Unknown,5.0,60.0,10.0,10.0
2023-12-09,09:23:42,441000000.0,129.045105,35.09866666666667,268.5,0.0,-,-,118.0,23.0,14.0,9.0
2023-12-09,09:23:42,441092000.0,128.9947313623856,35.07652267698539,313.5,0.05144,-,-,85.0,57.0,10.0,10.0
2023-12-09,09:23:38,441174000.0,129.09206015194712,34.84350249215195,34.0,6.018479999999999,-,-,133.0,35.0,10.0,17.0
2023-12-09,09:23:42,441178000.0,129.05485,35.116573333333335,297.40000000000003,0.0,NO1HANMIREU,Tanker,37.0,123.0,5.0,20.0
2023-12-09,09:23:42,441199000.0,129.00461666666666,35.07622333333333,17.400000000000002,0.0,HHIC-T1,TugTow,99.0,23.0,15.0,4.0
2023-12-09,09:23:42,441203000.0,129.00494072862023,35.0849858895213,309.5,0.05144,-,-,61.0,31.0,3.0,12.0
2023-12-09,09:23:42,441234567.0,129.03881,35.084406666666666,35.0,0.0,DAEBU ILAND,Passenger,90.0,10.0,8.0,12.0
2023-12-09,09:23:42,441236000.0,129.06485,35.12753333333333,302.0,0.0,ECO IN CHUN,Unknown,90.0,36.0,5.0,15.0
2023-12-09,09:23:42,441269000.0,129.06132333333332,35.099668333333334,177.60000000000002,0.0,DOO LA,Tanker,60.0,26.0,7.0,7.0
2023-12-09,09:23:42,441271000.0,129.09392632759128,35.10474573419687,302.6,0.05144,TONGYEONG 9HO,TugTow,112.0,29.0,18.0,6.0
2023-12-09,09:23:42,441273000.0,129.08581333333333,35.07535333333333,203.5,0.0,SAMPYO 102AIVDM,Fishing,5.0,60.0,10.0,10.0
2023-12-09,09:23:43,441294000.0,129.1153416666667,35.133595,336.90000000000003,0.0,GLORIA HO,Unknown,75.0,22.0,4.0,11.0
2023-12-09,09:23:45,441297000.0,129.53942742163565,35.30202082805309,51.5,5.761279999999999,YUN STAR,Unknown,64.0,19.0,3.0,11.0
2023-12-09,09:23:38,441300000.0,129.14444682320857,34.750209658648444,339.0,6.58432,YU BONG 1HO,Cargo,85.0,22.0,12.0,5.0
2023-12-09,09:23:37,441388000.0,128.95885010226215,34.69073732695617,39.0,6.12136,-,-,117.0,28.0,6.0,17.0
2023-12-09,09:23:42,441418000.0,129.01155666666668,35.064348333333335,285.0,0.0,JN EMERALD,Tanker,73.0,24.0,7.0,8.0
2023-12-09,09:23:42,441502000.0,129.05916333333334,35.12088166666667,304.1,0.0,BUM KANG,Tanker,30.0,25.0,6.0,3.0
2023-12-09,09:23:42,441567000.0,129.09016971453738,35.08640888479135,98.0,0.05144,DAE CHANG,TugTow,100.0,27.0,5.0,15.0
2023-12-09,09:23:41,441578000.0,129.00092666666666,35.051186666666666,296.8,0.0,-,-,68.0,25.0,9.0,6.0
2023-12-09,09:23:42,441598000.0,129.03010666666663,35.07433940638911,0.0,0.05144,HAE SUNG,Unknown,66.0,23.0,10.0,6.0
2023-12-09,09:23:42,441622000.0,129.066345,35.11087833333333,0.0,0.0,CHEONG HANG NO.2,Unknown,61.0,26.0,12.0,4.0
2023-12-09,09:23:42,441647000.0,129.03964833333333,35.095455,0.0,0.0,SHECAN              ,Cargo,8.0,24.0,3.0,4.0
2023-12-09,09:23:41,441653000.0,128.99859333333333,35.05522666666667,0.0,0.0,KUKHWA NO.1,TugTow,10.0,21.0,6.0,2.0
2023-12-09,09:23:40,441654000.0,129.10872349757886,34.942185735361434,49.0,0.6172799999999999,-,-,84.0,17.0,9.0,9.0
2023-12-09,09:23:42,441680000.0,129.03396666666666,35.093698333333336,0.0,0.0,STAR CHALLENGER,Cargo,0.0,0.0,0.0,0.0
2023-12-09,09:23:42,441717000.0,128.99411166666667,35.07149,0.0,0.0,TAE HWA12HO,Unknown,78.0,14.0,6.0,10.0
2023-12-09,09:23:42,441772000.0,129.06036666666665,35.06013333333333,304.0,0.0,YONG SEONG,Fishing,105.0,14.0,6.0,9.0
2023-12-09,09:23:42,441833000.0,129.05271333333334,35.120976666666664,4.2,0.0,HYUNDAI DYNASTY     ,Cargo,24.0,46.0,14.0,0.0
2023-12-09,09:23:42,441902000.0,129.06098333333333,35.12298166666667,204.6,0.0,2020HAN JIN HO      ,Fishing,146.0,41.0,11.0,17.0
2023-12-09,09:23:41,441943000.0,128.99943333333334,35.05505,328.0,0.0,KWANGYANG AMBITION,Cargo,96.0,18.0,10.0,8.0
2023-12-09,09:23:42,442000001.0,129.06381,35.08432333333333,244.6,0.0,HAWWON N0.1,TugTow,0.0,0.0,0.0,0.0
2023-12-09,09:23:42,442003080.0,129.06352166666667,35.08383666666667,270.40000000000003,0.0,GWANG SUNG,Unknown,253.0,47.0,27.0,23.0
2023-12-09,09:23:42,442667805.0,129.0708893768416,35.08573168429141,20.9,0.2572,-,-,118.0,23.0,14.0,9.0
2023-12-09,09:23:42,442667809.0,129.07101333333333,35.08586833333333,0.0,0.0,-,-,74.0,18.0,7.0,10.0
2023-12-09,09:23:42,457373000.0,128.9956855787977,35.08317874639322,91.2,0.05144,HANGMAN JEONG HWA 1,WIG,12.0,13.0,3.0,5.0
2023-12-09,09:23:42,457411000.0,129.0398221245374,35.06618717733401,350.0,0.5144,-,-,118.0,23.0,14.0,9.0
2023-12-09,09:23:42,457454000.0,129.02874526788185,35.06976823904821,205.6,0.20576,CHEONG HANG NO.1,Unknown,60.0,26.0,7.0,7.0
2023-12-09,09:23:41,457461000.0,129.3933513885266,35.036373514238484,29.8,1.6975199999999997,NO 107 CHUNG RYONG,TugTow,220.0,75.0,22.0,10.0
2023-12-09,09:23:42,457890000.0,129.06066902830125,35.09978446348487,154.0,0.05144,-,-,83.0,24.0,9.0,8.0
2023-12-09,09:23:42,457900664.0,128.99321833333337,35.0838007032249,0.0,0.05144,GEONG-GI 703,Unknown,40.0,39.0,16.0,16.0
2023-12-09,09:23:37,477040800.0,128.81929089251437,34.69512321323723,203.3,6.43,-,-,181.0,18.0,18.0,10.0
2023-12-09,09:23:41,477110900.0,129.0664958511382,35.057032654411394,298.8,0.05144,TY PONY             ,Cargo,40.0,198.0,18.0,24.0
2023-12-09,09:23:41,477766700.0,129.06033,35.03508,8.5,0.0,-,-,88.7,88.7,14.125,14.125
2023-12-09,09:23:42,477922400.0,129.04592166666666,35.09706166666667,184.0,0.0,DAEBU ILAND,Passenger,45.0,15.0,6.0,4.0
2023-12-09,09:23:35,477929100.0,129.0334656700002,34.61175691472584,187.4,10.59664,TAEKYUNG RHEA,Tanker,5.0,5.0,13.0,37.0
2023-12-09,09:23:43,525121002.0,129.5601347282377,35.194816258578115,29.8,7.8703199999999995,D-01,Unknown,12.0,13.0,3.0,5.0
2023-12-09,09:23:38,538005087.0,129.19393666666667,34.81881333333333,320.0,0.0,-,-,40.0,198.0,18.0,24.0
2023-12-09,09:23:39,538005520.0,128.92227108832205,34.86672056285329,316.40000000000003,5.86416,SAMYANG 303,TugTow,112.0,33.0,18.0,4.0
2023-12-09,09:23:42,538005896.0,129.09475833333337,35.09626166666666,89.60000000000001,0.0,WOOLIM DRAGON 7,Tanker,113.0,28.0,18.0,7.0
2023-12-09,09:23:42,538005898.0,129.09401,35.103161666666665,43.1,0.0,BUM KANG,Tanker,110.0,31.0,6.0,19.0
2023-12-09,09:23:36,538006623.0,129.0004398311015,34.67317343290109,253.7,1.59464,YEON PYEONG NO2,Unknown,32.0,242.0,14.0,34.0
2023-12-09,09:23:36,538007479.0,129.17889687309943,34.67386395434697,24.0,1.4403199999999998,A-ONE,Tanker,242.0,98.0,27.0,19.0
2023-12-09,09:23:40,538007485.0,128.8614090193849,34.93067221943413,323.0,6.224239999999999,HYUNDAI DYNASTY     ,Cargo,220.0,75.0,22.0,10.0
2023-12-09,09:23:33,538007486.0,128.99516527804553,34.47145515349775,210.0,5.04112,3006HAM,Pleasure craft/sailing,215.0,79.0,22.0,10.0
2023-12-09,09:23:41,538009734.0,129.05334496229537,35.02216057996215,349.3,0.2572,-,-,10.0,13.0,4.0,4.0
2023-12-09,09:23:42,538010061.0,129.09507833333333,35.09440333333333,279.2,0.0,PILOT SONG DO,Unknown,0.0,0.0,0.0,0.0
2023-12-09,09:23:42,538010267.0,129.08771833333333,35.10340333333333,268.8,0.0,-,-,0.0,0.0,0.0,0.0
2023-12-09,09:23:42,538010339.0,129.08045833333333,35.10357833333333,182.3,0.0,KOREA EXPRESS,Passenger,63.0,21.0,4.0,10.0
2023-12-09,09:23:41,538010572.0,129.05663585823717,35.04326775005707,129.9,0.05144,S-93,Unknown,20.0,34.0,9.0,1.0
2023-12-09,09:23:38,538090562.0,129.32165524214332,34.79822462955493,296.6,4.83536,A HOKEN,Cargo,188.0,25.0,16.0,16.0
2023-12-09,09:23:42,555555555.0,129.06379148389263,35.08501790899814,4.0,0.15431999999999998,-,-,0.0,0.0,0.0,0.0
2023-12-09,09:23:47,563015300.0,129.87653872186831,35.46749627700702,20.0,1.2345599999999999,GLORIA HO,Unknown,200.0,49.0,17.0,27.0
2023-12-09,09:23:40,563078300.0,128.84525277873686,34.924454174816304,345.3,1.9547199999999998,502 SUNG SHIN ^^,Pleasure craft/sailing,10.0,22.0,4.0,3.0
2023-12-09,09:23:44,563087100.0,129.46386067315396,35.28190148377785,164.5,5.29832,-,-,26.0,10.0,4.0,4.0
2023-12-09,09:23:37,563178300.0,129.16711587107258,34.69803166024103,28.0,7.818879999999999,-,-,74.0,18.0,7.0,10.0
2023-12-09,09:23:41,563179200.0,129.80024119738863,35.01461670188008,21.8,0.7716,HHIC-T1,TugTow,26.0,10.0,4.0,4.0
2023-12-09,09:23:41,567535000.0,129.07385013173584,35.05042444827587,191.0,0.05144,MI RAE 13HO,Passenger,80.0,18.0,7.0,9.0
2023-12-09,09:23:42,613003558.0,128.99563,35.08331166666667,354.3,0.0,-,-,0.0,0.0,0.0,0.0
2023-12-09,09:23:42,613071641.0,129.03614920067437,35.070502701880955,86.2,0.05144,RICH OCEAN@@@@@@@@@@,Cargo,68.0,11.0,8.0,7.0
2023-12-09,09:23:37,636016585.0,129.29063699220436,34.7652702666098,33.4,6.53288,NEW CAMELLIA,Passenger,253.0,47.0,27.0,23.0
2023-12-09,09:23:45,636016659.0,129.62876450272603,35.297860265843774,28.6,0.82304,STAR CHALLENGER,Cargo,132.0,28.0,7.0,18.0
2023-12-09,09:23:42,636020595.0,129.09446666666668,35.099305,59.400000000000006,0.0,BONG SUNG HO,Unknown,74.0,18.0,7.0,10.0
2023-12-09,09:23:38,636021063.0,129.30027741797338,34.818185301111335,216.4,4.32096,N0 705 BUSAN,Unknown,10.0,22.0,4.0,3.0
2023-12-09,09:23:37,636021093.0,129.1167585662875,34.752404969704216,250.2,7.201599999999999,-,-,131.0,15.0,16.0,7.0
2023-12-09,09:23:39,636021598.0,129.3686665610777,34.879155828743734,240.7,3.2407199999999996,GALMAEGI,Fishing,0.0,0.0,0.0,0.0
2023-12-09,09:23:39,636021688.0,129.4481379583463,34.87447161900534,68.7,1.0288,212 HWANG RYONG,TugTow,0.0,0.0,0.0,0.0
2023-12-09,09:23:42,636022813.0,129.04654582077708,35.06458081534745,288.7,0.05144,-,-,0.0,0.0,0.0,0.0
2023-12-09,09:23:42,636023060.0,128.79904666666667,35.077235,90.7,0.0,VAST OCEAN 5        ,Cargo,66.0,16.0,8.0,7.0
2023-12-09,09:23:42,636023095.0,129.04539333333332,35.097323333333335,360.0,0.0,NEFRITOVYY,Unknown,0.0,0.0,0.0,0.0
2023-12-09,09:23:41,636092312.0,129.06095166666665,35.055836666666664,0.1,0.0,502 SUNG SHIN ^^,Pleasure craft/sailing,127.0,8.0,11.0,11.0
2023-12-09,09:23:42,667001364.0,129.06437333333332,35.09809166666667,301.5,0.0,DAEBU GOSOK FERRY,Passenger,12.0,13.0,3.0,5.0
2023-12-09,09:23:41,667001923.0,129.20339501733517,34.99032135419989,259.7,4.83536,-,-,200.0,25.0,14.0,18.0
2023-12-09,09:23:42,667002166.0,129.05259120126252,35.06629753361674,306.90000000000003,0.36007999999999996,MI RAE 13HO,Passenger,0.0,0.0,0.0,0.0
2023-12-09,09:23:40,671432000.0,129.75082307341765,34.971950991994966,94.6,0.46296,-,-,0.0,0.0,0.0,0.0
2023-12-09,09:23:42,676008600.0,129.06432,35.09811666666667,360.0,0.0,SUN JIN NO.3,TugTow,45.0,15.0,5.0,5.0
2023-12-09,09:23:38,677033300.0,128.94111555598906,34.78943887416323,217.3,3.80656,HEUNG-A SARAH,Cargo,118.0,23.0,14.0,9.0
2023-12-09,09:23:41,677077400.0,129.044277440216,35.05298186726782,304.8,0.15431999999999998,-,-,120.0,17.0,7.0,18.0
2023-12-09,09:23:42,999999999.0,129.0635193662991,35.08436201914983,158.70000000000002,0.05144,-,-,0.0,0.0,0.0,0.0
